user_id,segment,variant,converted
103792,paid_search,control,0
101683,organic,treatment,0
107268,app_store,treatment,0
108837,paid_search,control,0
101617,paid_search,control,0
109102,referral,treatment,0
105028,organic,treatment,0
112656,paid_search,control,0
113891,paid_search,treatment,0
102353,paid_search,control,0
102760,organic,treatment,0
101390,organic,control,0
100070,paid_search,control,0
112376,paid_search,treatment,0
103077,referral,treatment,0
103085,paid_search,control,1
106690,referral,control,0
110952,paid_search,control,0
102411,app_store,control,0
105027,referral,control,1
103542,organic,treatment,0
106969,organic,control,0
109632,referral,control,1
104992,paid_search,control,0
110863,paid_search,control,0
109299,paid_search,control,0
113361,organic,treatment,0
104647,organic,treatment,0
105488,organic,treatment,1
111068,paid_search,control,0
107803,paid_search,control,0
100101,paid_search,control,0
106796,paid_search,control,0
113820,organic,treatment,0
111824,paid_search,treatment,0
100308,referral,treatment,1
106533,app_store,treatment,0
109164,organic,treatment,1
102210,app_store,control,0
102942,organic,treatment,0
109873,organic,treatment,0
113636,organic,treatment,0
109708,app_store,treatment,0
107682,referral,treatment,0
103967,organic,control,0
105990,paid_search,control,0
102576,paid_search,treatment,0
110047,referral,treatment,0
104255,paid_search,control,0
109766,referral,control,0
108185,organic,control,0
109069,app_store,treatment,0
106766,organic,treatment,0
104313,organic,treatment,0
100702,referral,control,0
100174,paid_search,treatment,0
106022,organic,control,0
106118,paid_search,treatment,0
109266,organic,treatment,0
106814,organic,treatment,0
101179,paid_search,control,0
103323,paid_search,treatment,0
104071,paid_search,control,0
113057,paid_search,control,0
108860,paid_search,control,0
102767,paid_search,treatment,0
107717,organic,treatment,0
112273,paid_search,control,0
111531,organic,treatment,1
100038,organic,treatment,1
113267,paid_search,control,0
108472,app_store,treatment,0
104072,influencer,treatment,0
101296,referral,control,0
105618,paid_search,treatment,0
108273,organic,control,0
102894,app_store,treatment,0
113994,paid_search,treatment,0
105686,organic,control,0
113099,app_store,control,0
104668,organic,treatment,1
113206,app_store,control,0
103279,paid_search,treatment,0
102574,paid_search,control,0
112607,app_store,treatment,0
103232,organic,treatment,1
107132,referral,control,0
101626,organic,treatment,0
108102,organic,treatment,0
108180,influencer,treatment,0
100624,organic,treatment,0
111528,paid_search,treatment,0
108123,app_store,treatment,1
108256,paid_search,treatment,0
105358,paid_search,control,1
107936,paid_search,treatment,0
107782,organic,treatment,0
113049,referral,control,0
111117,organic,treatment,1
102093,organic,treatment,1
100623,referral,control,0
107053,app_store,control,0
103544,organic,control,0
104508,paid_search,treatment,0
108467,paid_search,control,0
103211,referral,treatment,0
108309,paid_search,control,0
113301,paid_search,control,0
101350,paid_search,treatment,0
105230,organic,control,0
105706,paid_search,control,0
104409,organic,control,0
106983,referral,control,0
108132,organic,control,0
109088,referral,control,0
104287,app_store,treatment,0
101370,referral,control,1
100003,paid_search,control,1
106863,paid_search,control,0
108731,paid_search,control,0
110220,referral,control,1
105414,paid_search,control,0
100763,paid_search,control,0
103539,paid_search,control,0
105293,referral,control,1
113500,paid_search,control,0
108439,app_store,control,0
113373,paid_search,treatment,0
109993,organic,treatment,0
102025,organic,control,0
102709,organic,control,0
110333,paid_search,treatment,0
110936,referral,control,0
101067,paid_search,treatment,0
108963,paid_search,treatment,1
108100,organic,treatment,0
109804,paid_search,control,0
112033,app_store,control,0
105787,referral,control,0
112563,organic,treatment,1
111626,organic,control,1
102860,app_store,control,0
103489,organic,treatment,0
113420,app_store,control,0
109938,referral,control,0
106649,influencer,control,1
105118,organic,control,0
107023,referral,treatment,0
102739,paid_search,treatment,0
100159,organic,control,1
110325,app_store,treatment,0
102038,referral,control,0
103023,app_store,control,0
103002,app_store,treatment,0
104796,organic,treatment,0
111259,organic,treatment,0
102106,app_store,control,0
103728,app_store,treatment,0
104990,organic,control,0
112833,app_store,control,1
108824,app_store,treatment,0
105359,referral,control,0
103472,paid_search,control,0
103661,app_store,control,0
100411,app_store,control,0
103829,referral,control,0
103956,paid_search,control,0
103385,app_store,treatment,0
111597,organic,treatment,0
107156,paid_search,control,0
106888,organic,control,1
109927,paid_search,treatment,0
106378,app_store,treatment,1
107860,app_store,treatment,0
110949,app_store,treatment,0
108345,referral,treatment,1
111306,organic,control,1
110361,organic,treatment,0
113204,referral,control,0
109251,paid_search,control,0
106296,organic,control,1
101193,organic,control,1
111412,app_store,treatment,1
109779,app_store,control,0
110278,paid_search,control,0
110030,paid_search,treatment,1
111596,organic,treatment,1
105857,organic,control,0
113504,paid_search,control,0
101819,referral,treatment,1
110369,paid_search,control,0
106319,app_store,control,0
103560,app_store,treatment,0
102712,referral,treatment,0
101945,organic,treatment,0
113527,organic,control,1
107164,organic,treatment,0
111946,app_store,treatment,0
102386,referral,control,0
102757,app_store,control,0
101399,paid_search,control,0
110508,organic,treatment,0
100066,organic,treatment,1
112036,paid_search,treatment,0
103507,app_store,treatment,1
113454,organic,treatment,0
100589,referral,control,0
113101,paid_search,control,0
107265,app_store,treatment,0
101864,paid_search,control,1
111282,organic,treatment,0
111148,referral,treatment,0
100195,organic,treatment,0
111400,organic,treatment,0
106115,referral,control,0
104370,organic,treatment,1
104565,referral,treatment,0
112987,organic,treatment,0
109374,paid_search,treatment,0
101784,paid_search,control,0
110049,paid_search,control,0
107168,paid_search,control,0
110574,app_store,treatment,0
106009,organic,treatment,1
113927,paid_search,treatment,0
111927,organic,treatment,0
108098,paid_search,treatment,1
112897,paid_search,treatment,0
103156,referral,control,0
113395,referral,control,0
109039,app_store,treatment,1
112806,app_store,control,0
106001,referral,treatment,0
105224,influencer,control,0
110891,organic,treatment,0
106307,organic,control,0
103680,paid_search,control,0
100676,paid_search,control,0
108045,paid_search,control,0
106557,paid_search,control,0
102372,referral,treatment,1
109409,paid_search,treatment,0
102199,paid_search,treatment,0
102954,referral,treatment,0
109418,paid_search,control,0
108867,paid_search,treatment,0
113530,paid_search,control,0
101170,referral,treatment,0
102322,organic,treatment,0
105949,paid_search,control,0
106374,organic,treatment,0
110873,paid_search,control,0
101897,app_store,control,0
106343,organic,treatment,0
101792,organic,control,0
103503,paid_search,control,0
111520,paid_search,treatment,0
106049,referral,control,0
106825,app_store,treatment,0
111915,app_store,control,0
104513,paid_search,control,0
104096,paid_search,treatment,0
107482,paid_search,treatment,0
105424,paid_search,control,0
109156,organic,treatment,0
112071,organic,control,0
110606,organic,treatment,0
103373,paid_search,control,0
111176,organic,control,0
101412,organic,treatment,0
110155,organic,control,0
106597,paid_search,control,0
101774,app_store,treatment,1
106169,organic,treatment,1
106925,app_store,control,0
103286,organic,control,1
112362,referral,treatment,0
107991,paid_search,control,0
105925,paid_search,control,0
102647,paid_search,control,0
110473,organic,control,0
110872,paid_search,control,0
102472,paid_search,control,0
109285,app_store,treatment,0
111231,organic,control,0
104935,organic,control,0
104635,paid_search,treatment,0
111217,paid_search,control,1
113079,paid_search,control,1
100695,app_store,treatment,0
102934,referral,control,0
105095,paid_search,treatment,1
109851,referral,control,0
109602,referral,control,0
100734,paid_search,control,1
103751,organic,control,0
107948,paid_search,control,0
102736,paid_search,control,0
106011,app_store,control,0
113516,referral,control,1
100403,organic,treatment,0
102540,referral,control,1
104581,paid_search,control,0
107838,influencer,control,0
113871,paid_search,control,0
100998,organic,treatment,1
110912,paid_search,control,0
101754,organic,treatment,1
110509,paid_search,control,1
107026,paid_search,control,0
108031,referral,treatment,1
102092,app_store,control,1
105724,app_store,control,0
101490,paid_search,control,0
103781,organic,control,0
105716,organic,treatment,0
110723,app_store,control,0
110584,paid_search,treatment,0
108647,referral,treatment,0
108531,app_store,control,0
105771,organic,treatment,0
111407,paid_search,treatment,0
100126,paid_search,treatment,0
111972,paid_search,control,0
101004,paid_search,control,0
108389,referral,control,0
102388,influencer,control,0
104599,paid_search,control,0
101299,paid_search,treatment,0
112870,organic,treatment,1
109256,paid_search,treatment,0
104516,paid_search,treatment,0
110540,referral,treatment,0
109070,organic,control,0
102807,paid_search,control,0
109215,organic,treatment,0
111193,paid_search,treatment,0
111331,paid_search,control,0
107009,referral,control,0
100930,organic,treatment,1
110918,paid_search,control,0
110446,organic,treatment,1
100540,referral,treatment,1
108172,paid_search,control,0
107155,app_store,treatment,1
110987,organic,treatment,1
108997,app_store,control,0
112700,paid_search,control,0
113639,paid_search,control,0
105676,paid_search,treatment,0
112463,influencer,control,0
102552,app_store,treatment,0
109877,paid_search,control,0
108459,organic,treatment,0
113425,referral,control,1
108425,organic,treatment,1
112637,organic,treatment,0
107551,paid_search,control,0
108027,organic,treatment,0
104787,organic,treatment,0
112332,referral,treatment,0
109768,referral,control,0
107376,app_store,control,1
100299,paid_search,control,0
103706,organic,treatment,0
108430,paid_search,control,0
102022,organic,treatment,0
105412,referral,control,0
112395,organic,treatment,0
112097,paid_search,control,0
105767,organic,control,1
105325,paid_search,control,0
105423,organic,treatment,1
105090,organic,treatment,0
108135,paid_search,treatment,0
103214,organic,treatment,0
105307,organic,treatment,0
101141,referral,control,0
113616,referral,control,1
102374,organic,treatment,0
109178,organic,control,1
107694,organic,control,0
104917,referral,control,0
111828,organic,treatment,1
109174,referral,treatment,0
113995,paid_search,control,0
113155,influencer,control,0
101906,referral,control,0
104157,paid_search,control,0
108533,referral,control,0
103996,organic,control,1
108756,paid_search,treatment,1
111809,organic,treatment,0
110103,paid_search,control,0
108689,referral,treatment,0
111929,paid_search,treatment,1
108285,organic,treatment,0
113907,paid_search,control,1
105213,paid_search,treatment,0
108308,referral,control,1
104284,paid_search,control,0
110366,paid_search,control,0
105993,organic,treatment,0
102967,referral,control,0
109477,organic,control,0
103231,paid_search,treatment,0
109521,paid_search,control,0
109633,paid_search,control,0
111728,organic,treatment,0
107373,paid_search,control,1
110429,influencer,treatment,0
111663,app_store,treatment,0
104567,app_store,control,0
102994,organic,treatment,1
100806,organic,treatment,1
105563,paid_search,control,0
101544,paid_search,control,0
106178,organic,control,1
103004,organic,treatment,0
113674,organic,treatment,0
113278,organic,control,0
112879,paid_search,control,0
105662,influencer,control,0
102715,referral,treatment,0
110008,referral,treatment,0
108433,organic,treatment,0
108578,paid_search,control,0
104550,referral,control,0
103229,organic,treatment,1
102123,organic,control,0
113382,paid_search,treatment,0
103655,paid_search,treatment,0
100405,paid_search,control,0
107423,organic,treatment,1
101247,organic,treatment,0
100470,paid_search,control,0
110813,app_store,control,0
108588,paid_search,control,0
110227,paid_search,treatment,0
107499,paid_search,control,0
110158,paid_search,control,0
106523,paid_search,control,0
111249,paid_search,control,1
107885,organic,treatment,0
103258,paid_search,control,0
100733,organic,treatment,0
113698,paid_search,treatment,0
109329,organic,treatment,0
107910,referral,treatment,0
102220,paid_search,control,0
107570,referral,treatment,0
111538,paid_search,treatment,0
101966,organic,treatment,0
100356,paid_search,control,0
112451,paid_search,treatment,1
103179,paid_search,treatment,0
110836,app_store,control,0
109534,paid_search,treatment,0
106662,app_store,control,0
110126,organic,control,0
106305,organic,treatment,1
112205,paid_search,control,0
107660,paid_search,control,0
104316,paid_search,control,0
111061,referral,control,0
109042,referral,treatment,1
101376,app_store,treatment,0
109269,paid_search,treatment,0
105239,app_store,treatment,0
110623,paid_search,control,0
112698,app_store,control,0
104966,referral,control,0
108606,referral,control,0
113580,referral,control,0
104123,paid_search,treatment,0
105797,paid_search,control,0
103038,organic,treatment,1
105629,organic,treatment,0
107828,organic,control,0
104192,paid_search,control,1
110225,organic,control,1
104665,app_store,control,0
101543,paid_search,control,1
109239,referral,control,0
107481,app_store,treatment,1
102515,paid_search,control,0
104269,organic,treatment,1
105855,organic,treatment,1
105977,organic,treatment,0
104518,app_store,control,0
113209,organic,treatment,1
106836,paid_search,control,0
107882,organic,treatment,0
105906,paid_search,treatment,0
110236,organic,treatment,1
105683,paid_search,control,0
105997,referral,control,1
105979,paid_search,control,1
102314,paid_search,control,0
101728,paid_search,control,0
100663,paid_search,treatment,0
106437,organic,treatment,0
100124,organic,treatment,0
107714,referral,control,0
104865,organic,treatment,0
100475,referral,control,0
108276,organic,treatment,1
113279,paid_search,control,0
111263,paid_search,treatment,0
103394,paid_search,control,0
110489,paid_search,control,0
100691,paid_search,control,0
103793,paid_search,control,1
104463,organic,treatment,0
100963,organic,treatment,0
102330,influencer,control,1
106675,organic,treatment,1
102394,organic,control,1
111198,organic,control,1
103198,paid_search,control,0
102614,app_store,control,0
101011,organic,treatment,0
105072,organic,treatment,0
113330,organic,control,0
111343,organic,control,0
103813,organic,control,1
104229,paid_search,control,0
103666,paid_search,control,0
108825,referral,control,0
110120,referral,treatment,0
110777,organic,treatment,0
111066,paid_search,control,0
106101,paid_search,control,0
111075,app_store,treatment,0
104362,organic,treatment,0
105192,referral,control,0
102583,paid_search,treatment,0
107067,paid_search,control,0
111840,organic,control,1
101518,organic,treatment,1
105927,referral,control,0
109925,paid_search,treatment,0
108571,organic,treatment,0
112946,referral,treatment,0
112892,organic,treatment,0
106824,app_store,treatment,0
105446,paid_search,treatment,0
108744,organic,treatment,0
112065,app_store,treatment,0
109839,app_store,treatment,0
100211,organic,treatment,0
100090,app_store,treatment,1
102837,paid_search,control,0
107207,referral,treatment,1
111000,referral,treatment,1
105711,referral,control,0
104703,organic,treatment,0
105690,paid_search,control,0
109884,paid_search,control,0
107310,organic,treatment,1
112730,paid_search,control,0
108516,paid_search,control,1
101419,paid_search,control,0
108393,paid_search,control,0
106014,paid_search,control,0
103558,organic,treatment,1
107757,paid_search,control,0
111320,app_store,treatment,0
106900,app_store,treatment,0
107116,organic,control,0
113915,paid_search,control,1
103304,app_store,treatment,0
100846,organic,treatment,1
101407,referral,treatment,0
106510,app_store,control,0
104819,paid_search,control,0
113168,referral,treatment,0
101025,referral,control,0
103641,referral,control,0
103899,paid_search,treatment,0
103861,organic,control,0
109486,referral,control,0
109545,organic,control,1
100361,organic,treatment,1
102182,app_store,treatment,0
112385,referral,control,1
106653,referral,treatment,0
106773,referral,control,0
106942,paid_search,treatment,0
102655,paid_search,treatment,1
109889,paid_search,control,0
102778,paid_search,control,1
112930,organic,control,1
113625,organic,control,0
113866,paid_search,treatment,0
113124,app_store,control,0
104975,app_store,control,0
113989,organic,treatment,1
111949,paid_search,control,0
105999,paid_search,treatment,0
111033,referral,control,0
101459,organic,treatment,1
104916,organic,control,0
102953,referral,control,1
102569,organic,control,1
108701,organic,control,0
104363,app_store,treatment,1
105841,referral,treatment,0
106027,paid_search,control,0
101344,paid_search,control,0
105709,referral,control,0
107260,paid_search,control,0
112737,referral,control,0
109456,organic,treatment,0
106095,paid_search,treatment,1
103196,referral,control,1
108966,organic,treatment,0
105264,paid_search,control,0
106981,organic,treatment,1
100856,influencer,treatment,0
101181,paid_search,treatment,0
102672,app_store,treatment,0
100886,organic,control,1
112133,paid_search,control,1
111433,organic,treatment,0
104038,app_store,treatment,0
106928,influencer,treatment,1
113345,referral,control,0
103921,app_store,treatment,0
100150,referral,treatment,0
109640,paid_search,control,0
107393,app_store,treatment,1
109535,organic,treatment,0
100563,organic,treatment,0
105107,paid_search,control,0
103339,referral,treatment,0
107128,paid_search,control,0
105258,paid_search,control,0
113459,organic,control,1
109277,app_store,treatment,0
102941,organic,treatment,0
105435,referral,treatment,0
103400,organic,treatment,1
110501,app_store,treatment,0
102186,referral,control,1
104610,organic,treatment,0
101794,referral,control,0
108320,paid_search,control,0
105045,organic,control,0
107353,organic,treatment,1
102896,paid_search,control,0
110603,referral,treatment,0
100421,organic,treatment,0
101166,referral,control,0
109411,paid_search,control,0
102200,organic,control,0
104080,referral,control,0
112797,app_store,treatment,0
112419,organic,control,0
107832,paid_search,control,1
105840,referral,treatment,0
105837,paid_search,control,0
113195,paid_search,control,0
100082,organic,control,0
108614,referral,control,0
104509,paid_search,control,0
113297,referral,treatment,1
108869,organic,treatment,0
103548,referral,control,1
101421,app_store,treatment,0
112437,organic,control,0
111671,organic,control,0
100698,paid_search,control,0
101804,organic,treatment,0
110354,organic,control,0
108570,organic,treatment,0
113113,app_store,control,0
104050,organic,treatment,0
102805,app_store,control,0
103917,organic,treatment,0
111266,organic,control,1
103397,paid_search,control,0
113756,paid_search,treatment,0
113216,app_store,control,0
101233,organic,treatment,0
100414,referral,treatment,0
103398,paid_search,control,0
106350,organic,treatment,0
105868,paid_search,control,0
100859,paid_search,treatment,0
113223,referral,treatment,0
102099,referral,treatment,0
113227,paid_search,control,1
100221,paid_search,control,0
106868,paid_search,control,0
112338,paid_search,control,0
104008,paid_search,treatment,1
101101,organic,treatment,0
107194,organic,control,0
104722,organic,treatment,1
104237,app_store,treatment,0
106951,referral,control,0
103919,referral,treatment,0
100739,paid_search,treatment,0
105184,paid_search,control,1
109914,app_store,control,1
102912,paid_search,control,0
100843,paid_search,control,0
108048,referral,control,0
109401,organic,treatment,1
106446,paid_search,control,0
113965,app_store,treatment,1
107535,organic,treatment,0
111329,organic,treatment,0
106878,organic,control,1
113438,referral,treatment,1
106379,paid_search,control,0
103941,organic,treatment,0
104773,referral,control,0
112768,organic,treatment,0
108076,referral,treatment,0
109085,app_store,control,0
109296,paid_search,control,0
111628,organic,treatment,0
100918,app_store,control,0
100442,app_store,treatment,0
107800,paid_search,control,0
109471,app_store,treatment,0
107230,organic,treatment,0
108619,paid_search,control,0
100891,paid_search,treatment,0
112629,paid_search,treatment,0
106410,organic,treatment,0
105921,referral,control,0
112980,referral,control,0
113381,app_store,control,0
109639,paid_search,control,1
108690,referral,control,1
107593,paid_search,control,0
111507,organic,control,1
107665,app_store,control,0
106434,organic,treatment,0
101814,app_store,treatment,0
102128,referral,treatment,0
108266,organic,treatment,1
110850,paid_search,treatment,0
100800,organic,control,0
103846,paid_search,control,0
111897,influencer,treatment,0
108193,paid_search,treatment,0
112761,organic,control,1
112802,referral,treatment,0
112813,referral,control,0
109287,influencer,control,0
101111,organic,treatment,1
106817,paid_search,control,0
104431,organic,control,0
110720,referral,control,0
105613,referral,treatment,1
104574,paid_search,control,0
100731,app_store,treatment,0
105945,organic,control,1
109975,referral,control,1
112916,app_store,control,0
104302,paid_search,control,0
102558,organic,control,0
107387,influencer,treatment,0
109780,app_store,treatment,0
106215,organic,treatment,0
112830,paid_search,control,0
102412,referral,control,1
113429,app_store,treatment,0
103022,organic,control,1
101016,paid_search,control,0
105526,paid_search,control,0
112772,referral,control,0
111277,paid_search,treatment,0
104805,paid_search,treatment,0
110959,organic,treatment,1
104845,organic,treatment,0
113728,paid_search,treatment,1
110231,organic,treatment,0
104823,referral,treatment,0
102689,organic,control,0
103640,paid_search,control,0
110711,influencer,treatment,1
103880,paid_search,control,0
105431,organic,treatment,0
102751,referral,control,0
104822,referral,treatment,1
108081,paid_search,treatment,0
108237,referral,control,0
108582,app_store,treatment,1
108272,app_store,treatment,0
103895,organic,control,1
105281,paid_search,control,0
106192,paid_search,treatment,0
103222,paid_search,control,0
112669,organic,control,0
103962,app_store,treatment,0
105174,organic,control,0
113171,organic,treatment,1
105719,app_store,control,0
110108,paid_search,control,0
100379,organic,treatment,0
107701,app_store,control,0
109235,organic,treatment,0
101062,referral,treatment,0
109491,paid_search,treatment,0
106404,app_store,treatment,0
103303,paid_search,control,1
113167,paid_search,control,0
104747,paid_search,control,0
107189,organic,control,0
102882,referral,treatment,0
108414,paid_search,control,0
108625,organic,control,1
108992,organic,treatment,1
113069,app_store,treatment,0
102456,app_store,control,0
110219,organic,treatment,0
101110,paid_search,control,0
107877,paid_search,control,0
100562,organic,control,0
110302,referral,treatment,0
104997,paid_search,control,0
101435,paid_search,control,0
107889,organic,treatment,1
106164,organic,control,1
102706,referral,control,0
105932,app_store,control,0
101756,organic,treatment,1
110422,referral,treatment,0
109739,organic,treatment,1
111271,paid_search,control,0
104329,organic,control,0
110782,referral,control,0
103894,organic,treatment,0
102416,organic,control,1
108521,paid_search,treatment,1
105853,organic,control,1
107483,paid_search,control,0
112989,referral,control,1
100016,referral,treatment,1
113680,paid_search,control,1
113512,app_store,control,0
108161,organic,control,1
102533,app_store,treatment,0
101292,app_store,control,0
108616,organic,treatment,1
108119,organic,treatment,1
108635,organic,control,0
110397,paid_search,treatment,0
110977,paid_search,treatment,0
101786,organic,treatment,1
106758,referral,control,1
113803,organic,treatment,0
109161,paid_search,treatment,0
109986,paid_search,control,0
107127,app_store,control,0
105903,referral,treatment,0
113592,paid_search,control,0
113187,organic,treatment,0
106004,organic,treatment,1
104594,app_store,control,0
109311,app_store,treatment,0
111479,referral,control,0
105044,influencer,treatment,0
108628,organic,treatment,1
101787,paid_search,treatment,0
110620,app_store,treatment,0
111551,organic,treatment,1
105034,app_store,control,0
112453,paid_search,control,0
104742,organic,treatment,1
103977,organic,treatment,1
107643,organic,treatment,1
113569,paid_search,control,0
106602,paid_search,treatment,0
100757,organic,treatment,0
106406,paid_search,control,0
112406,organic,treatment,0
105928,paid_search,treatment,0
113971,referral,treatment,0
106141,paid_search,control,0
101230,paid_search,control,0
113085,paid_search,control,0
111040,referral,treatment,0
111771,paid_search,control,0
111065,referral,control,0
102021,referral,control,0
109844,paid_search,treatment,0
106420,organic,control,0
103798,referral,treatment,0
106907,app_store,control,0
111115,referral,control,0
108137,paid_search,control,0
111970,paid_search,treatment,0
109295,organic,treatment,0
108603,organic,treatment,1
100554,organic,treatment,0
105469,organic,treatment,1
106311,paid_search,control,0
109869,paid_search,control,0
108781,organic,treatment,0
109097,referral,treatment,0
113713,paid_search,control,0
101152,app_store,control,0
105513,organic,treatment,0
107646,app_store,treatment,0
108374,referral,treatment,0
108523,paid_search,control,1
104938,referral,control,0
105437,paid_search,treatment,0
110897,organic,treatment,0
113916,referral,control,1
113476,organic,treatment,0
100719,organic,control,0
113170,referral,control,0
113782,referral,control,1
108808,organic,treatment,0
100807,paid_search,control,0
108703,paid_search,control,1
112819,app_store,treatment,0
104958,organic,treatment,1
103960,app_store,treatment,1
107406,paid_search,control,0
107825,paid_search,control,0
104275,organic,treatment,1
101113,referral,control,0
102864,paid_search,control,0
106834,paid_search,control,0
113745,influencer,control,0
109863,app_store,control,0
104570,app_store,treatment,0
101198,organic,control,0
112654,paid_search,treatment,1
105524,referral,control,1
111009,paid_search,control,1
106018,app_store,control,1
101815,paid_search,control,1
105968,organic,treatment,0
100686,paid_search,control,0
101253,app_store,treatment,0
104536,organic,treatment,0
111359,paid_search,treatment,0
108032,referral,control,0
103549,organic,treatment,0
105609,paid_search,control,0
101386,organic,treatment,1
107711,paid_search,control,0
102241,referral,treatment,0
103773,paid_search,control,0
106076,organic,treatment,0
105872,referral,treatment,1
101449,paid_search,control,0
106373,paid_search,control,0
113900,influencer,treatment,0
103183,organic,treatment,0
109570,paid_search,control,0
106842,app_store,control,0
105306,organic,treatment,0
111872,paid_search,treatment,0
108085,organic,control,0
111256,organic,treatment,0
113066,organic,treatment,1
102596,organic,treatment,0
102832,app_store,treatment,1
110691,referral,treatment,0
108928,app_store,control,0
100022,organic,control,1
108078,app_store,treatment,0
101833,referral,control,1
110796,paid_search,control,1
108428,organic,treatment,1
110088,organic,control,1
107467,influencer,treatment,0
108364,paid_search,treatment,1
105303,organic,treatment,0
102432,paid_search,treatment,0
108615,app_store,control,1
111212,paid_search,control,0
104372,paid_search,control,0
106269,organic,treatment,0
107313,referral,control,0
107693,paid_search,control,0
102544,organic,control,0
104087,paid_search,treatment,0
108427,app_store,treatment,0
109003,referral,treatment,0
106061,paid_search,treatment,0
111129,organic,control,0
103386,paid_search,control,0
107354,paid_search,treatment,0
106197,paid_search,control,0
107982,organic,treatment,0
106031,paid_search,treatment,0
110406,organic,treatment,1
111622,paid_search,control,0
101185,organic,treatment,0
104552,referral,control,0
111988,paid_search,control,0
113031,referral,treatment,0
100152,referral,treatment,0
103437,paid_search,control,0
104324,paid_search,control,0
112289,app_store,treatment,0
100779,referral,control,0
111746,organic,treatment,0
110336,app_store,control,0
100080,app_store,control,0
109830,referral,treatment,1
111191,paid_search,control,0
107045,organic,treatment,0
109114,paid_search,control,0
103200,referral,treatment,1
105159,organic,control,0
110002,paid_search,control,1
111660,organic,treatment,0
105324,paid_search,treatment,0
110724,referral,control,0
102923,paid_search,control,0
111814,organic,control,0
112683,influencer,treatment,0
110074,paid_search,control,0
107108,paid_search,control,0
106865,referral,control,1
101443,organic,control,0
112478,organic,control,0
109517,organic,treatment,0
107060,organic,treatment,1
112558,organic,treatment,0
101527,referral,control,0
106154,paid_search,control,0
100923,paid_search,control,0
107590,organic,treatment,0
103849,organic,treatment,0
103216,app_store,control,0
111950,paid_search,control,0
113394,paid_search,control,0
103410,paid_search,control,0
103991,organic,control,1
110292,referral,control,1
111582,organic,control,0
100895,referral,treatment,0
106186,referral,treatment,0
111555,organic,treatment,0
108911,paid_search,treatment,1
105530,organic,treatment,0
113509,referral,control,1
104266,organic,treatment,0
110248,referral,control,1
104671,organic,treatment,0
102847,app_store,control,0
113358,paid_search,control,0
109208,organic,control,0
104791,referral,control,1
103723,paid_search,treatment,0
104520,organic,treatment,0
112383,influencer,treatment,0
101593,app_store,treatment,1
107824,organic,treatment,1
111297,paid_search,control,0
112085,paid_search,treatment,0
111577,referral,treatment,1
107287,paid_search,control,0
108733,paid_search,control,0
105493,referral,control,0
104320,organic,treatment,0
109900,paid_search,treatment,0
112582,app_store,control,0
111161,paid_search,control,1
103740,referral,treatment,0
112452,influencer,treatment,0
108894,organic,control,1
113282,referral,control,0
105310,paid_search,control,0
105425,paid_search,treatment,1
108144,paid_search,control,0
110779,organic,control,0
105934,paid_search,control,0
108784,app_store,control,0
112400,referral,control,0
111827,app_store,treatment,0
104634,paid_search,control,1
101932,paid_search,control,0
106079,organic,treatment,0
107100,influencer,treatment,0
100109,referral,treatment,0
113073,paid_search,treatment,0
100192,paid_search,control,0
109037,paid_search,control,0
104461,paid_search,control,0
104984,paid_search,treatment,0
111110,referral,treatment,1
113362,paid_search,control,0
104276,organic,control,0
113860,app_store,treatment,0
102610,paid_search,control,0
105570,organic,treatment,0
111576,organic,treatment,0
100009,paid_search,control,0
106920,paid_search,control,0
103522,paid_search,treatment,0
100528,paid_search,treatment,0
107867,referral,treatment,1
102972,paid_search,control,0
100871,organic,treatment,1
101151,paid_search,control,0
108598,paid_search,treatment,0
105553,paid_search,treatment,0
111652,organic,treatment,0
108026,paid_search,treatment,0
104386,organic,treatment,1
107438,app_store,treatment,0
113003,paid_search,control,0
101845,referral,control,0
101978,app_store,treatment,0
102247,paid_search,control,0
105854,paid_search,control,0
100707,organic,treatment,0
102996,paid_search,control,1
108832,paid_search,treatment,0
106923,paid_search,control,0
102991,referral,control,1
111565,referral,control,0
111854,app_store,control,0
110764,paid_search,control,0
102452,referral,control,1
113510,referral,control,1
111269,referral,treatment,1
105259,referral,treatment,0
100435,paid_search,treatment,0
107306,referral,treatment,0
112271,organic,control,0
106467,organic,treatment,0
111590,organic,control,0
105879,organic,treatment,0
109308,organic,control,0
111794,paid_search,control,1
103577,referral,treatment,0
103414,organic,treatment,1
111711,paid_search,control,1
106986,app_store,control,0
101048,paid_search,control,0
105895,organic,treatment,0
110640,app_store,treatment,0
106589,organic,treatment,1
110771,organic,treatment,0
113002,organic,control,0
112300,organic,treatment,0
109495,organic,treatment,1
108013,organic,treatment,0
100723,organic,treatment,1
102560,organic,control,0
102295,app_store,control,0
111002,paid_search,treatment,0
108543,app_store,treatment,0
103160,organic,control,1
100836,referral,treatment,0
108927,paid_search,control,0
105280,app_store,control,0
109652,organic,control,0
102843,paid_search,control,0
105110,paid_search,control,0
109609,app_store,control,0
111315,referral,control,0
102421,paid_search,control,0
103294,paid_search,control,0
104248,organic,treatment,0
103072,organic,control,0
101244,referral,control,0
113938,organic,treatment,0
113461,app_store,control,0
111921,app_store,control,1
106679,paid_search,control,0
107120,organic,control,1
100176,referral,treatment,0
103605,organic,treatment,1
112931,paid_search,treatment,0
103937,paid_search,control,0
102096,referral,control,0
107104,paid_search,treatment,0
112313,paid_search,control,0
104478,paid_search,control,0
101638,organic,treatment,0
103406,app_store,treatment,0
112540,organic,treatment,0
107611,referral,control,0
104197,referral,treatment,1
103637,app_store,treatment,1
107029,paid_search,treatment,0
111446,referral,control,0
113363,organic,treatment,1
110571,app_store,treatment,0
105106,organic,treatment,1
105783,organic,treatment,1
102009,organic,treatment,0
110416,organic,treatment,1
105913,organic,treatment,1
102229,paid_search,control,0
105532,referral,control,1
103518,organic,treatment,1
101699,organic,control,0
102039,organic,treatment,0
101803,paid_search,control,0
111790,app_store,control,0
111593,paid_search,treatment,0
109548,app_store,control,0
110242,app_store,control,0
113895,paid_search,control,0
105869,organic,control,0
102769,paid_search,control,0
109584,paid_search,control,0
102245,app_store,control,0
113437,referral,control,0
102408,app_store,control,0
112082,referral,control,0
109612,paid_search,treatment,0
108461,organic,control,1
110904,paid_search,control,0
106572,referral,treatment,0
109078,paid_search,control,0
102308,referral,treatment,0
104180,organic,control,1
108914,influencer,control,0
108057,app_store,control,1
109643,organic,control,1
113434,organic,treatment,0
111564,app_store,control,0
101741,organic,treatment,1
108234,referral,treatment,0
112454,organic,treatment,1
112945,referral,treatment,0
113323,organic,treatment,0
113413,app_store,treatment,0
112874,referral,treatment,0
103029,paid_search,treatment,0
111670,organic,treatment,1
100067,app_store,control,0
109210,app_store,treatment,1
109543,organic,treatment,0
101153,paid_search,treatment,1
106353,organic,treatment,0
107990,referral,control,0
107534,paid_search,control,0
110879,organic,treatment,0
108443,app_store,treatment,1
106131,referral,treatment,0
107167,referral,treatment,0
100638,app_store,treatment,0
111570,influencer,treatment,0
101090,paid_search,treatment,0
113760,paid_search,treatment,0
101546,referral,control,0
112961,referral,control,0
110973,referral,control,0
105243,referral,treatment,1
111723,organic,treatment,0
102786,app_store,control,0
105707,organic,treatment,0
100673,paid_search,treatment,1
108885,organic,treatment,0
105390,paid_search,control,0
111308,app_store,control,0
104472,organic,treatment,0
112130,organic,treatment,0
107653,referral,control,0
106124,organic,control,1
103553,referral,treatment,1
100439,paid_search,control,0
113127,referral,control,0
105422,organic,treatment,0
104129,organic,treatment,0
106958,referral,control,0
107647,referral,control,0
106583,paid_search,control,0
107968,referral,control,0
107785,paid_search,treatment,0
105365,paid_search,control,1
109324,referral,control,0
104928,paid_search,control,0
102450,referral,treatment,0
111733,referral,control,0
105047,paid_search,control,0
112762,paid_search,control,0
108385,paid_search,treatment,0
100776,paid_search,control,0
112952,paid_search,control,0
112368,organic,treatment,0
109320,app_store,control,0
106140,referral,treatment,0
112211,referral,treatment,1
105729,organic,treatment,1
111806,organic,control,1
109750,organic,treatment,0
109110,app_store,control,0
113018,referral,control,0
107521,organic,treatment,0
110940,app_store,treatment,0
111574,organic,treatment,0
113374,paid_search,treatment,0
103152,organic,control,1
107464,referral,treatment,1
105409,app_store,treatment,1
110652,referral,control,0
106139,paid_search,control,0
102024,paid_search,treatment,1
107359,app_store,treatment,0
110350,organic,treatment,1
106315,organic,treatment,0
101430,organic,treatment,1
104040,paid_search,treatment,0
107037,paid_search,control,1
100596,referral,control,0
105420,referral,control,0
101783,app_store,treatment,0
109573,referral,control,0
103893,organic,treatment,0
106108,organic,control,0
104009,referral,control,0
101742,app_store,treatment,0
113134,paid_search,control,1
100784,organic,control,0
104641,referral,control,0
110713,paid_search,treatment,0
100608,organic,treatment,0
109474,referral,control,1
100297,referral,treatment,0
113817,app_store,control,0
106165,referral,treatment,0
113090,organic,treatment,1
103951,app_store,treatment,1
104901,referral,treatment,0
111370,influencer,treatment,1
106603,paid_search,treatment,0
106843,organic,treatment,1
106927,paid_search,control,1
101724,paid_search,control,0
101971,app_store,treatment,0
104948,organic,control,0
112334,referral,control,1
101910,paid_search,treatment,0
110498,referral,control,0
105587,app_store,treatment,0
111552,referral,treatment,0
107444,paid_search,control,0
111752,referral,treatment,0
108809,referral,control,1
106771,app_store,treatment,1
105139,referral,control,0
112630,referral,treatment,0
100450,paid_search,control,0
113404,paid_search,treatment,1
100721,app_store,control,0
111615,paid_search,treatment,0
109893,app_store,treatment,0
110480,app_store,control,0
109716,organic,treatment,0
103581,app_store,control,0
113258,paid_search,control,0
106433,paid_search,control,0
106803,paid_search,control,1
102029,referral,control,0
100036,organic,treatment,1
107796,paid_search,control,0
105974,paid_search,control,0
109112,organic,control,0
111240,paid_search,control,0
102906,referral,treatment,0
106257,organic,control,0
106321,organic,control,1
110933,paid_search,treatment,0
102048,organic,treatment,1
113451,organic,treatment,1
109567,app_store,control,1
107654,referral,treatment,0
101823,referral,control,0
113462,paid_search,treatment,0
110087,app_store,treatment,0
108162,paid_search,control,1
109628,organic,treatment,1
101243,paid_search,control,1
101251,paid_search,control,0
106435,paid_search,treatment,0
108219,referral,control,0
107958,paid_search,control,0
103134,referral,control,0
105221,organic,treatment,1
104940,app_store,treatment,0
103587,paid_search,control,0
107110,paid_search,control,0
104971,organic,control,0
106938,paid_search,control,0
109023,organic,treatment,1
106793,referral,treatment,1
105680,referral,treatment,1
102716,referral,treatment,0
109629,referral,treatment,0
113333,app_store,treatment,1
112770,referral,treatment,1
108737,organic,control,1
105740,app_store,treatment,0
102318,organic,treatment,1
100063,paid_search,control,0
112516,paid_search,treatment,0
104369,paid_search,control,0
105943,referral,control,0
106955,referral,control,0
107150,app_store,control,0
112325,app_store,treatment,1
100572,app_store,treatment,0
106035,app_store,control,0
103420,paid_search,control,0
104299,paid_search,treatment,0
106743,app_store,treatment,0
104870,referral,control,1
100537,referral,treatment,0
104727,paid_search,control,0
101545,paid_search,control,0
102455,app_store,control,0
100543,referral,treatment,0
100163,paid_search,control,0
105793,organic,control,0
102746,organic,treatment,1
111980,organic,control,1
104627,paid_search,treatment,1
109363,organic,treatment,0
100305,paid_search,control,0
104310,referral,control,0
105720,organic,treatment,1
106706,referral,treatment,1
104914,app_store,control,0
100844,paid_search,control,0
106158,referral,control,1
113000,app_store,treatment,0
100296,referral,treatment,0
109937,app_store,treatment,1
109338,organic,control,1
101676,paid_search,treatment,0
113908,paid_search,control,1
107348,paid_search,control,0
111774,paid_search,control,0
113663,referral,treatment,0
104651,paid_search,control,0
106225,paid_search,control,0
110492,influencer,control,0
102258,organic,treatment,0
106226,paid_search,control,0
107340,referral,treatment,0
104556,paid_search,treatment,1
105637,organic,treatment,0
107966,organic,treatment,1
106193,organic,treatment,0
108210,referral,treatment,0
107291,paid_search,control,0
104566,paid_search,control,0
107805,paid_search,control,0
111907,organic,treatment,0
113406,referral,treatment,0
108542,app_store,control,0
106697,referral,treatment,0
111845,paid_search,control,0
103040,referral,control,0
107383,referral,treatment,0
105931,influencer,control,1
108387,referral,control,0
109698,organic,control,1
103677,referral,treatment,1
104761,paid_search,treatment,0
108424,referral,treatment,0
110344,paid_search,control,0
111571,organic,treatment,0
112328,paid_search,control,0
112827,paid_search,control,0
106113,paid_search,control,0
102978,referral,control,0
105743,paid_search,control,0
112993,paid_search,control,0
110170,paid_search,control,0
108623,paid_search,treatment,0
102992,paid_search,control,0
109172,paid_search,control,0
102632,paid_search,treatment,1
111779,referral,control,0
109916,organic,treatment,0
106267,paid_search,control,0
102539,referral,treatment,1
111580,app_store,control,0
102273,referral,treatment,1
113812,organic,treatment,1
109524,organic,treatment,1
106156,organic,treatment,0
113104,paid_search,treatment,0
103909,organic,control,0
111462,organic,treatment,0
112752,referral,control,0
112551,referral,treatment,0
107974,app_store,treatment,0
103180,paid_search,control,0
102554,app_store,treatment,0
105759,paid_search,treatment,0
105788,referral,control,0
101663,organic,treatment,0
112670,paid_search,control,0
110838,paid_search,control,0
110527,paid_search,control,0
109798,app_store,treatment,0
100336,organic,treatment,0
106946,organic,control,1
104467,paid_search,control,0
107650,paid_search,treatment,0
107779,organic,treatment,1
108525,paid_search,control,0
102520,referral,treatment,0
108321,referral,control,0
112446,organic,control,0
105356,paid_search,control,0
108407,organic,control,1
113067,paid_search,control,1
101594,app_store,control,0
111925,influencer,control,0
108793,paid_search,treatment,0
113547,paid_search,control,0
110746,organic,control,1
108490,organic,control,0
105860,organic,treatment,0
113541,paid_search,control,0
112921,paid_search,control,0
105151,paid_search,control,0
107807,organic,treatment,0
100118,referral,control,0
111074,paid_search,control,0
106547,paid_search,control,0
107172,app_store,treatment,0
105845,paid_search,control,0
103554,paid_search,control,0
100630,referral,treatment,0
102461,referral,control,0
101498,referral,control,1
103546,paid_search,control,0
104871,organic,control,0
112496,paid_search,control,0
109525,paid_search,treatment,0
106882,paid_search,treatment,0
100110,app_store,treatment,0
105789,paid_search,treatment,0
111300,paid_search,treatment,0
100587,paid_search,control,1
100510,referral,control,1
105866,paid_search,treatment,0
106173,referral,control,0
101674,organic,control,1
107304,paid_search,control,0
113426,paid_search,control,0
108850,app_store,control,0
104074,organic,control,1
105292,organic,control,0
112975,organic,treatment,0
108817,organic,treatment,0
105332,app_store,control,0
110356,paid_search,control,0
107735,organic,control,0
113324,app_store,treatment,0
112850,referral,treatment,0
106738,organic,treatment,0
106552,referral,control,1
108167,organic,treatment,0
105309,paid_search,control,1
109951,organic,control,0
109952,referral,treatment,0
109340,paid_search,control,0
112979,paid_search,control,0
105463,organic,treatment,1
112294,app_store,control,0
104601,app_store,treatment,0
112572,organic,treatment,0
107377,organic,treatment,0
105998,organic,control,0
100390,referral,treatment,0
101060,organic,treatment,1
102278,paid_search,treatment,1
112940,referral,treatment,0
102626,organic,treatment,0
111419,paid_search,control,0
107332,referral,control,1
102903,paid_search,control,1
106757,paid_search,control,0
102368,referral,control,0
106551,organic,control,0
107042,organic,control,0
109461,app_store,control,0
110600,referral,control,0
111619,paid_search,control,0
101075,paid_search,control,0
102036,organic,control,1
102707,organic,control,1
110346,organic,control,0
104545,organic,treatment,1
105428,referral,control,0
110705,paid_search,control,0
103193,paid_search,control,0
111141,organic,treatment,1
101830,organic,treatment,0
113477,referral,control,0
109707,app_store,treatment,1
102983,organic,treatment,1
105661,paid_search,control,1
100047,paid_search,treatment,0
107174,referral,treatment,0
101749,app_store,treatment,0
112564,paid_search,control,0
112197,organic,treatment,0
103908,app_store,treatment,0
101858,app_store,treatment,1
101972,paid_search,control,0
105929,organic,treatment,1
112949,referral,treatment,0
100916,app_store,control,1
111797,app_store,treatment,0
110695,organic,treatment,0
106138,paid_search,control,0
110824,organic,control,0
108063,referral,control,0
105955,organic,treatment,0
110759,paid_search,control,1
109196,paid_search,treatment,0
108287,referral,treatment,1
103039,paid_search,treatment,1
107876,organic,treatment,0
106544,organic,control,0
102035,organic,control,0
103867,paid_search,control,0
106559,app_store,control,0
111959,organic,treatment,0
102763,paid_search,control,0
109530,referral,treatment,0
103817,paid_search,control,1
106856,organic,control,0
110307,organic,treatment,1
108544,organic,treatment,0
110934,organic,control,1
107077,paid_search,control,1
111036,organic,treatment,0
105232,referral,treatment,1
103476,organic,control,0
108915,paid_search,control,0
107338,organic,control,0
111785,paid_search,control,0
108786,paid_search,treatment,1
113589,referral,treatment,1
110061,referral,treatment,0
106500,paid_search,control,0
104131,paid_search,control,0
107817,app_store,treatment,0
104543,paid_search,control,0
111791,referral,control,1
106730,organic,treatment,0
105785,paid_search,control,0
110636,organic,treatment,0
102018,paid_search,treatment,0
107115,paid_search,control,0
100508,paid_search,control,0
103341,organic,control,1
108749,referral,control,0
109403,referral,treatment,1
111860,app_store,treatment,0
101303,referral,control,1
102286,organic,control,1
104418,app_store,control,0
109394,paid_search,treatment,0
107772,referral,control,0
109216,paid_search,treatment,0
113799,organic,treatment,1
101739,referral,control,0
105565,organic,treatment,1
112457,referral,control,0
104039,paid_search,control,0
101649,referral,control,0
111055,paid_search,control,0
101650,referral,treatment,0
109342,paid_search,control,0
102975,organic,treatment,1
112396,paid_search,control,0
113108,referral,treatment,0
110599,organic,treatment,1
112498,referral,control,0
107745,referral,treatment,0
111602,paid_search,control,1
104037,organic,treatment,0
101729,referral,treatment,0
110477,organic,control,1
106819,paid_search,control,1
106274,app_store,control,0
111664,paid_search,control,1
102140,organic,control,0
109761,app_store,treatment,0
112851,paid_search,control,0
105138,referral,treatment,1
110417,paid_search,control,0
103648,referral,treatment,0
104753,referral,control,0
106494,organic,control,0
109336,paid_search,control,0
110166,referral,control,0
110010,organic,treatment,0
106799,organic,treatment,0
110823,organic,treatment,0
113579,organic,treatment,0
108212,organic,treatment,1
100718,paid_search,treatment,0
103623,referral,treatment,0
106571,paid_search,control,1
103175,organic,control,0
110275,paid_search,treatment,0
106788,paid_search,treatment,0
108789,organic,treatment,1
110470,paid_search,control,0
111703,paid_search,control,0
107843,paid_search,control,1
104414,paid_search,control,0
105398,organic,treatment,0
110914,app_store,treatment,0
100664,organic,control,1
113643,paid_search,control,0
102703,referral,control,0
100616,organic,treatment,1
103322,organic,treatment,1
101761,organic,control,0
111749,paid_search,control,0
107683,organic,treatment,0
104583,referral,control,0
109388,paid_search,control,0
112149,app_store,control,0
110345,app_store,control,0
102187,referral,control,1
104721,paid_search,control,0
112046,app_store,control,1
102910,paid_search,treatment,0
112735,paid_search,control,0
101429,app_store,control,0
111562,paid_search,control,0
101779,referral,treatment,0
108517,app_store,control,0
101782,paid_search,control,0
102116,paid_search,control,0
103314,paid_search,control,0
109203,paid_search,control,0
110646,paid_search,control,0
103571,paid_search,control,0
106495,referral,treatment,0
100705,paid_search,treatment,1
112070,app_store,treatment,1
102793,organic,treatment,0
112416,referral,control,0
112357,organic,treatment,0
110035,referral,control,1
107599,organic,control,0
100907,organic,control,0
108325,referral,treatment,0
112083,paid_search,control,1
101924,organic,treatment,0
101993,referral,treatment,0
101281,paid_search,treatment,0
104244,paid_search,control,1
112015,referral,treatment,0
112934,organic,treatment,0
107993,paid_search,treatment,1
110267,paid_search,treatment,0
110739,paid_search,treatment,0
107025,paid_search,control,0
110916,paid_search,treatment,1
109736,app_store,control,0
111071,organic,control,1
111923,paid_search,treatment,0
105179,organic,treatment,1
113845,app_store,treatment,0
103506,organic,treatment,0
106513,paid_search,control,0
100781,organic,treatment,1
108953,paid_search,treatment,0
113354,organic,treatment,0
100922,organic,treatment,0
109728,paid_search,treatment,0
104678,paid_search,control,0
100740,influencer,treatment,0
111892,organic,treatment,0
107157,paid_search,control,1
103325,referral,treatment,0
111411,paid_search,treatment,0
102269,influencer,treatment,0
111690,organic,treatment,0
107502,referral,treatment,0
104053,organic,control,1
107752,referral,control,1
100437,paid_search,control,0
113151,referral,treatment,0
113863,paid_search,control,0
112280,paid_search,control,0
110573,organic,treatment,1
109733,organic,treatment,0
108139,organic,control,0
104077,referral,control,0
101346,paid_search,treatment,0
112041,paid_search,treatment,0
107433,organic,control,0
104863,referral,treatment,1
104644,organic,treatment,1
106362,paid_search,control,0
108319,paid_search,control,0
113485,app_store,treatment,0
112755,paid_search,treatment,0
111078,app_store,control,0
106666,referral,treatment,0
105189,referral,treatment,0
105581,paid_search,control,0
110938,referral,treatment,1
108990,app_store,control,0
107470,paid_search,control,0
101771,app_store,treatment,0
113937,app_store,control,0
108059,organic,control,1
106017,paid_search,control,0
111541,organic,treatment,0
105032,referral,treatment,0
104778,organic,treatment,0
104679,referral,control,1
104886,organic,treatment,0
107746,referral,control,1
100622,organic,treatment,0
112891,paid_search,treatment,1
113932,organic,treatment,1
106918,organic,control,0
111832,organic,treatment,1
104155,organic,treatment,1
100248,paid_search,control,0
107798,paid_search,treatment,0
101667,app_store,control,1
111883,paid_search,control,0
105560,paid_search,control,0
105246,referral,treatment,1
110339,app_store,control,0
101415,paid_search,control,1
102743,organic,treatment,0
108974,organic,treatment,1
106249,organic,treatment,1
106024,referral,treatment,0
106783,referral,treatment,0
111505,paid_search,control,0
110151,organic,control,0
104765,app_store,treatment,0
105760,referral,control,0
105519,organic,treatment,0
106665,organic,treatment,0
110368,app_store,control,0
112444,organic,treatment,1
104571,paid_search,treatment,1
102496,organic,treatment,1
104952,organic,treatment,1
107684,paid_search,control,0
104025,paid_search,control,0
103334,paid_search,control,0
110513,organic,treatment,1
104495,organic,treatment,1
109373,paid_search,control,0
102259,referral,control,0
103162,app_store,control,0
113387,referral,control,0
102390,referral,control,0
109345,referral,treatment,0
111385,app_store,control,0
112509,paid_search,control,0
113246,organic,treatment,0
100928,app_store,control,0
111722,app_store,treatment,0
105938,organic,treatment,1
111858,paid_search,treatment,0
100092,paid_search,control,0
113558,referral,control,1
100037,referral,control,1
100753,organic,treatment,0
103272,organic,treatment,0
103961,organic,treatment,0
109337,app_store,treatment,0
102469,organic,control,1
102974,paid_search,control,0
103636,referral,control,0
109263,referral,control,0
103747,referral,control,0
111488,paid_search,treatment,0
103254,organic,treatment,0
108018,referral,treatment,0
108278,organic,treatment,1
112023,referral,control,0
102373,organic,treatment,0
102071,organic,treatment,1
101366,paid_search,control,0
105252,organic,treatment,1
106897,app_store,treatment,0
108253,app_store,control,0
103966,organic,treatment,1
106725,organic,treatment,0
112536,paid_search,control,1
110323,paid_search,control,0
109286,referral,control,1
109870,app_store,treatment,0
101854,paid_search,treatment,0
109030,paid_search,control,0
100901,app_store,control,0
108880,organic,treatment,1
104770,referral,control,0
113121,organic,treatment,0
113411,organic,treatment,1
113052,app_store,treatment,0
102884,organic,control,0
102243,referral,treatment,0
106125,organic,treatment,0
100276,referral,treatment,0
100897,paid_search,treatment,0
111152,organic,treatment,0
106686,paid_search,treatment,0
100095,organic,treatment,0
108005,paid_search,control,0
113878,organic,treatment,0
110494,paid_search,control,0
108800,app_store,control,0
113251,organic,treatment,1
113621,paid_search,treatment,0
112433,organic,treatment,0
113524,paid_search,treatment,0
106802,app_store,treatment,0
100578,organic,control,0
102962,app_store,control,0
109860,paid_search,treatment,0
112991,referral,treatment,1
108103,paid_search,control,1
110862,paid_search,control,1
101460,paid_search,control,0
110688,referral,treatment,0
104265,paid_search,control,0
113924,organic,treatment,1
108831,app_store,treatment,1
101686,paid_search,treatment,0
113256,organic,treatment,0
107981,organic,treatment,0
108859,paid_search,control,1
112858,paid_search,control,0
109791,organic,control,1
108535,app_store,control,0
100857,app_store,treatment,0
104608,referral,control,0
113140,organic,control,0
111659,paid_search,treatment,0
102261,paid_search,control,0
109315,organic,treatment,0
108113,app_store,treatment,1
103358,referral,treatment,0
101210,organic,control,1
102979,referral,treatment,0
101290,paid_search,control,0
100839,organic,treatment,1
103529,organic,treatment,0
109144,referral,treatment,1
102800,app_store,control,0
104251,organic,control,0
101585,referral,treatment,0
108265,app_store,treatment,0
101137,referral,treatment,1
112195,organic,treatment,1
101488,referral,control,0
100642,referral,control,1
103226,organic,treatment,1
113683,paid_search,control,1
103197,referral,control,0
107098,referral,treatment,0
111164,organic,treatment,1
107783,app_store,treatment,0
101967,paid_search,control,0
104964,paid_search,control,0
101646,referral,treatment,1
111868,app_store,treatment,0
113025,organic,treatment,1
110435,paid_search,control,0
102302,organic,treatment,1
113990,referral,control,0
113076,paid_search,control,0
111770,referral,treatment,1
102701,referral,treatment,0
113800,referral,treatment,0
104106,organic,treatment,0
106943,paid_search,control,0
108066,paid_search,control,0
110701,paid_search,control,0
105535,referral,control,0
108522,app_store,control,1
109153,organic,treatment,1
108015,organic,control,0
101197,organic,control,0
100632,organic,treatment,0
110183,referral,treatment,1
105803,referral,control,0
111761,referral,control,0
108985,paid_search,control,1
102255,organic,treatment,0
111163,organic,treatment,0
108372,paid_search,control,0
111108,referral,treatment,0
107381,paid_search,control,0
101531,referral,control,0
107109,organic,treatment,1
104702,referral,treatment,0
100610,referral,treatment,0
111126,organic,treatment,1
113342,paid_search,treatment,0
102124,organic,control,0
109928,organic,treatment,0
111423,app_store,treatment,0
104450,paid_search,control,0
107078,paid_search,treatment,0
100068,organic,treatment,0
108652,organic,treatment,1
105919,referral,treatment,0
103030,referral,control,0
107927,referral,control,1
109896,organic,control,0
106682,paid_search,control,0
111373,paid_search,control,0
106175,paid_search,treatment,0
109784,paid_search,treatment,0
104224,app_store,control,0
108638,app_store,control,0
112327,organic,control,0
113620,organic,control,0
104398,referral,control,0
108608,app_store,control,0
103264,app_store,control,0
108230,paid_search,treatment,1
103208,referral,control,0
106633,referral,control,0
108551,paid_search,treatment,1
101024,organic,treatment,1
105655,organic,control,0
113467,paid_search,control,0
103739,paid_search,control,0
100452,referral,control,0
100972,paid_search,control,0
105267,referral,control,0
108264,paid_search,treatment,1
103775,app_store,control,0
113766,organic,control,0
112378,paid_search,control,0
100359,organic,treatment,0
102587,paid_search,control,0
105888,paid_search,control,0
112562,referral,treatment,0
105786,organic,treatment,1
107299,app_store,treatment,0
104374,organic,treatment,0
111134,organic,treatment,0
107476,referral,control,0
101987,organic,treatment,0
105327,app_store,control,0
105454,app_store,control,0
111317,referral,treatment,0
106335,referral,treatment,1
113149,organic,control,0
109484,app_store,control,0
111909,organic,treatment,0
100602,organic,treatment,1
107240,paid_search,treatment,0
112084,paid_search,treatment,0
111229,app_store,control,0
100864,organic,control,1
106149,organic,treatment,0
102917,organic,treatment,0
112836,paid_search,control,1
102117,referral,treatment,1
102173,paid_search,control,0
104438,organic,control,0
110214,influencer,treatment,0
100477,paid_search,control,0
102873,paid_search,control,0
112321,paid_search,control,0
113357,referral,control,1
103332,referral,control,0
100322,referral,treatment,0
108006,organic,treatment,1
103058,paid_search,treatment,0
101180,organic,treatment,0
111091,paid_search,treatment,0
113920,referral,control,0
106100,referral,control,0
100228,referral,treatment,0
112261,paid_search,control,0
106726,organic,treatment,0
104017,app_store,control,0
110580,referral,treatment,0
101114,app_store,treatment,0
100006,referral,treatment,0
109923,referral,treatment,0
109958,organic,treatment,1
110738,organic,treatment,0
111311,organic,treatment,0
100476,paid_search,control,0
100064,organic,treatment,1
105640,organic,treatment,0
102536,paid_search,control,0
109789,app_store,treatment,1
108402,app_store,control,0
100494,organic,treatment,0
100445,referral,control,0
103611,influencer,control,1
106764,paid_search,control,0
110299,influencer,treatment,0
109502,organic,treatment,0
107421,organic,treatment,0
108359,organic,treatment,0
107949,paid_search,control,0
107308,app_store,treatment,0
107103,app_store,control,0
106146,organic,control,1
101885,organic,treatment,0
111472,organic,control,1
113939,referral,treatment,1
105068,referral,control,0
112269,paid_search,treatment,0
102787,paid_search,control,0
107520,referral,control,0
108024,paid_search,control,1
102451,paid_search,control,0
106530,referral,treatment,0
100480,organic,treatment,0
112751,referral,control,0
101232,app_store,control,0
102890,referral,control,0
107455,paid_search,control,0
106651,paid_search,control,0
105070,app_store,control,0
108122,paid_search,control,0
107337,paid_search,treatment,0
105770,organic,treatment,0
112586,paid_search,control,0
110331,referral,treatment,0
110091,organic,treatment,0
112507,organic,control,0
108396,organic,treatment,0
104349,paid_search,control,0
101138,paid_search,treatment,0
106962,referral,treatment,0
103401,app_store,treatment,0
105008,paid_search,treatment,0
113661,app_store,treatment,1
113513,paid_search,control,1
111688,referral,control,0
113457,organic,treatment,1
102257,organic,treatment,0
103163,organic,treatment,0
102238,paid_search,control,0
108051,organic,control,0
105696,app_store,control,0
103839,organic,treatment,1
107446,app_store,treatment,1
102589,paid_search,control,0
105502,referral,treatment,0
113603,organic,treatment,1
102342,paid_search,control,0
100116,organic,treatment,0
107980,influencer,control,0
105971,referral,control,0
109138,paid_search,control,0
106941,paid_search,control,0
102248,referral,treatment,0
109090,paid_search,control,0
101519,organic,control,1
109753,organic,treatment,0
109398,app_store,treatment,0
104470,organic,treatment,0
110960,referral,control,1
113161,referral,treatment,0
106980,app_store,control,0
106591,paid_search,control,1
107797,referral,treatment,0
113877,organic,control,1
111803,organic,treatment,0
103186,app_store,control,0
105536,referral,treatment,0
110327,paid_search,treatment,0
104348,paid_search,control,0
113723,paid_search,treatment,0
101732,paid_search,control,0
111561,referral,treatment,0
109490,paid_search,control,0
106534,app_store,treatment,0
106012,organic,treatment,1
112864,organic,treatment,0
112413,app_store,control,0
110423,influencer,treatment,1
103660,organic,control,1
105256,organic,control,1
103733,paid_search,control,1
104144,organic,treatment,1
106931,paid_search,control,0
110687,app_store,control,0
110828,paid_search,control,0
106581,paid_search,treatment,1
113688,app_store,treatment,0
106677,referral,treatment,1
100640,referral,treatment,0
103645,influencer,control,0
101236,paid_search,control,1
104081,organic,treatment,1
102865,organic,treatment,0
105482,organic,treatment,0
109116,paid_search,control,0
113407,referral,control,0
107288,referral,treatment,0
101396,referral,treatment,0
112200,paid_search,treatment,0
104745,referral,treatment,1
101997,organic,control,0
112372,paid_search,control,0
110476,organic,treatment,0
107963,paid_search,treatment,0
110634,referral,treatment,0
107442,paid_search,control,0
101176,app_store,control,0
103710,paid_search,control,0
102428,paid_search,treatment,0
103717,organic,treatment,0
107122,organic,treatment,0
112268,referral,treatment,0
101304,organic,treatment,0
104207,paid_search,control,1
103273,app_store,treatment,0
113805,organic,control,0
113540,referral,control,0
106526,paid_search,treatment,0
113801,organic,treatment,0
109071,app_store,control,1
113700,paid_search,control,0
105989,paid_search,control,0
103760,paid_search,control,0
106752,organic,treatment,0
113881,paid_search,control,0
110360,paid_search,control,0
112282,organic,treatment,0
101105,organic,control,0
113561,organic,treatment,0
103244,organic,treatment,1
103438,referral,treatment,1
101718,organic,treatment,0
105363,organic,control,0
107188,organic,treatment,1
113351,organic,control,0
113252,app_store,control,0
101507,referral,treatment,1
112174,referral,treatment,0
105710,organic,control,0
110750,paid_search,treatment,0
113017,referral,control,0
109024,influencer,treatment,0
101112,paid_search,treatment,0
105547,organic,treatment,1
110072,referral,control,0
105520,organic,treatment,0
106919,organic,treatment,0
113143,app_store,treatment,0
108730,paid_search,control,0
104166,referral,control,0
111233,paid_search,control,0
105364,paid_search,control,0
108215,paid_search,control,0
104225,referral,control,0
110807,organic,control,1
101691,organic,treatment,0
103120,organic,treatment,1
110825,paid_search,control,1
107214,organic,treatment,0
102497,paid_search,treatment,0
111333,organic,treatment,1
104988,referral,treatment,1
104867,organic,treatment,0
100940,paid_search,control,0
111086,paid_search,treatment,0
106372,paid_search,control,0
108429,app_store,control,0
100787,organic,control,0
111336,paid_search,control,1
107651,organic,control,0
104544,app_store,control,0
107352,referral,control,0
107439,paid_search,control,0
103686,referral,treatment,0
113789,organic,control,1
111856,app_store,treatment,0
103293,organic,treatment,1
104282,organic,control,0
101196,app_store,control,1
103731,organic,treatment,0
111678,referral,treatment,1
108053,organic,treatment,0
111426,organic,control,1
105238,organic,treatment,1
106209,app_store,treatment,0
112117,organic,control,1
104687,influencer,control,0
107259,referral,control,0
103298,paid_search,control,0
112380,paid_search,control,1
109099,referral,treatment,0
110683,app_store,control,0
100029,paid_search,treatment,0
103922,organic,treatment,1
105207,organic,treatment,1
104196,paid_search,treatment,0
108960,paid_search,control,1
101623,referral,control,0
105217,referral,treatment,1
102601,paid_search,treatment,1
105314,paid_search,control,0
112009,app_store,control,0
113081,organic,control,0
107030,paid_search,control,0
109646,referral,treatment,0
111381,paid_search,control,0
102802,organic,treatment,0
106634,app_store,control,0
106576,organic,treatment,0
106260,organic,treatment,0
100805,influencer,treatment,0
107415,referral,treatment,0
102339,organic,control,1
113599,paid_search,control,0
108436,organic,treatment,0
107101,paid_search,control,0
105206,organic,control,0
109010,organic,treatment,0
101809,paid_search,treatment,0
101597,organic,treatment,0
102951,referral,treatment,0
102695,organic,treatment,0
100834,organic,treatment,0
110511,referral,treatment,0
109339,paid_search,control,0
104638,referral,treatment,0
108174,paid_search,control,0
109908,organic,treatment,0
113649,influencer,control,0
100883,organic,treatment,0
111724,app_store,treatment,1
109192,paid_search,control,0
103433,referral,control,1
110109,referral,control,1
104979,paid_search,treatment,0
101509,organic,treatment,0
108245,referral,control,0
102334,paid_search,control,1
100012,paid_search,control,1
107118,paid_search,control,0
108719,paid_search,control,0
107937,paid_search,control,0
100887,paid_search,control,0
102939,paid_search,control,0
113183,paid_search,control,0
102141,referral,treatment,0
105917,organic,control,0
105081,referral,treatment,0
102675,app_store,treatment,0
107527,influencer,treatment,0
108930,app_store,treatment,0
107389,paid_search,control,0
111498,app_store,treatment,0
101876,paid_search,treatment,0
108332,organic,treatment,0
108199,app_store,control,0
103271,referral,treatment,1
103818,organic,control,0
101734,paid_search,control,0
110148,organic,treatment,1
102407,app_store,control,0
108775,organic,treatment,0
102209,organic,control,0
105273,referral,treatment,1
110027,referral,treatment,0
112003,referral,control,0
104576,paid_search,control,0
109189,paid_search,treatment,0
113473,organic,treatment,1
108909,paid_search,control,0
101325,app_store,treatment,1
104596,paid_search,control,0
104002,paid_search,control,0
112173,referral,treatment,1
112777,paid_search,control,0
112781,paid_search,treatment,0
102600,paid_search,treatment,0
109222,paid_search,control,0
102171,referral,control,0
100653,paid_search,treatment,0
110790,influencer,control,0
109820,paid_search,treatment,0
101884,paid_search,control,0
104381,paid_search,treatment,0
106270,referral,control,1
110543,referral,treatment,1
110989,referral,control,0
107545,organic,treatment,0
103589,organic,treatment,1
106809,referral,treatment,1
100992,app_store,control,0
100487,app_store,control,0
111340,paid_search,control,0
100715,paid_search,control,1
111685,referral,treatment,0
101707,organic,treatment,0
105117,paid_search,control,0
100164,paid_search,control,1
111822,referral,treatment,0
101097,app_store,treatment,0
105136,referral,treatment,0
109651,referral,treatment,0
107280,organic,treatment,1
102480,organic,control,0
102370,referral,control,0
111867,paid_search,control,0
100514,paid_search,control,0
108659,paid_search,treatment,0
111939,organic,control,0
112263,organic,treatment,0
106070,paid_search,treatment,0
110394,organic,control,0
101584,organic,treatment,0
107031,app_store,control,0
113984,organic,control,0
103428,paid_search,treatment,0
109636,organic,treatment,0
104473,organic,treatment,0
111338,organic,treatment,0
106854,paid_search,treatment,0
112938,paid_search,control,0
112759,organic,control,0
103078,organic,treatment,1
108893,referral,treatment,0
108177,paid_search,control,0
111013,organic,treatment,0
106638,referral,control,0
100991,referral,control,0
102254,influencer,control,0
107428,paid_search,treatment,0
101807,app_store,treatment,0
108437,referral,control,0
106746,paid_search,control,1
100086,paid_search,treatment,0
111705,app_store,treatment,0
112190,organic,treatment,0
108548,paid_search,control,1
100561,paid_search,treatment,0
113135,paid_search,control,0
103504,referral,treatment,1
100345,app_store,control,0
103063,paid_search,control,0
109858,organic,treatment,0
110182,referral,treatment,0
105066,app_store,treatment,0
101289,paid_search,treatment,0
103261,organic,treatment,1
105898,referral,control,1
108941,organic,control,0
113346,paid_search,treatment,0
100122,paid_search,treatment,0
112410,organic,control,1
109962,paid_search,treatment,0
108208,organic,treatment,0
109648,influencer,treatment,0
113934,app_store,treatment,0
113973,app_store,treatment,0
103432,paid_search,treatment,0
111889,referral,control,1
111616,organic,treatment,0
112402,paid_search,treatment,0
107427,organic,treatment,0
105190,organic,treatment,0
108438,app_store,treatment,0
106659,app_store,control,0
110050,referral,control,1
111506,app_store,treatment,1
105375,organic,treatment,0
100117,paid_search,control,0
109186,referral,control,0
108688,referral,treatment,0
109841,referral,treatment,0
102193,app_store,control,0
109527,organic,treatment,1
112591,organic,treatment,1
101682,organic,treatment,0
103176,organic,control,0
108931,organic,treatment,0
109404,referral,control,1
112845,organic,treatment,1
103748,paid_search,control,1
110601,referral,treatment,0
112431,referral,treatment,0
109158,referral,control,0
107435,paid_search,control,0
108609,paid_search,treatment,0
109421,organic,treatment,1
106263,paid_search,treatment,0
102669,paid_search,control,0
111151,referral,treatment,1
102908,paid_search,treatment,0
113376,paid_search,treatment,0
104195,referral,control,0
112821,organic,treatment,0
110241,referral,treatment,0
102555,paid_search,control,0
104487,referral,control,0
107410,organic,control,0
105154,referral,control,0
100789,app_store,control,0
106736,organic,treatment,1
104043,app_store,control,0
112359,app_store,treatment,1
109005,paid_search,treatment,0
102468,paid_search,treatment,1
112704,referral,treatment,1
107697,organic,treatment,0
111405,app_store,treatment,1
112515,paid_search,treatment,0
105080,organic,control,0
112011,paid_search,control,1
106520,paid_search,treatment,0
100404,app_store,control,0
102012,referral,treatment,0
109854,organic,control,0
112651,paid_search,treatment,0
101901,referral,control,0
105641,app_store,treatment,0
105193,paid_search,treatment,0
102530,paid_search,control,0
102442,paid_search,control,0
100102,paid_search,control,0
103679,paid_search,control,0
111299,organic,treatment,1
102790,organic,control,0
112062,organic,control,0
102335,paid_search,control,0
102527,organic,treatment,1
106395,organic,treatment,0
101916,app_store,control,0
111902,organic,treatment,0
109590,organic,treatment,0
106443,paid_search,control,0
101471,organic,treatment,0
113306,organic,control,1
103654,organic,control,1
108293,app_store,control,0
101925,organic,control,1
103275,organic,treatment,0
100325,organic,control,0
111535,paid_search,treatment,1
108211,paid_search,control,0
102524,paid_search,control,0
105334,app_store,control,0
107160,paid_search,treatment,1
108217,referral,control,0
111202,organic,treatment,1
107751,organic,treatment,0
105965,app_store,control,0
103121,paid_search,control,0
104345,paid_search,control,0
105430,referral,treatment,0
113405,app_store,control,0
111004,paid_search,control,1
102294,paid_search,treatment,0
105374,paid_search,control,0
106506,referral,treatment,0
105780,paid_search,treatment,1
108312,paid_search,treatment,0
113033,organic,treatment,1
107247,referral,control,0
102982,app_store,control,1
104831,paid_search,control,1
110653,influencer,control,0
100628,organic,control,0
109437,paid_search,control,0
112671,paid_search,control,0
109273,paid_search,control,0
108084,app_store,control,0
104834,organic,treatment,1
102058,paid_search,control,0
112467,paid_search,control,0
108892,referral,control,0
107827,app_store,treatment,0
105063,referral,treatment,0
107046,organic,control,1
105233,paid_search,control,0
100611,app_store,treatment,0
110042,organic,treatment,1
108947,app_store,control,0
113054,organic,treatment,1
105614,app_store,treatment,0
108304,app_store,treatment,0
110178,paid_search,treatment,0
100995,referral,treatment,1
108711,organic,treatment,0
113640,referral,control,0
107263,paid_search,treatment,0
105522,organic,treatment,0
103086,referral,control,0
107490,organic,treatment,0
104475,organic,treatment,0
108648,organic,treatment,0
104930,app_store,treatment,0
112229,app_store,control,0
109038,referral,treatment,1
106288,paid_search,control,0
113946,paid_search,control,1
104426,organic,control,0
113945,organic,treatment,0
103573,referral,treatment,0
110637,organic,treatment,0
104161,paid_search,treatment,0
107513,referral,treatment,0
107560,paid_search,control,0
111646,referral,treatment,0
109454,paid_search,control,0
100659,organic,treatment,1
111833,paid_search,treatment,1
102999,organic,treatment,0
110550,organic,treatment,1
101843,referral,control,0
101277,paid_search,treatment,0
104864,app_store,treatment,0
111350,organic,treatment,1
102127,referral,control,0
111956,app_store,treatment,1
107627,paid_search,treatment,0
104611,app_store,treatment,0
100378,app_store,control,0
100853,influencer,treatment,0
103712,referral,treatment,0
103269,paid_search,control,0
102316,referral,treatment,0
102887,organic,treatment,1
107011,organic,treatment,0
112247,organic,control,0
104533,organic,treatment,0
109165,referral,treatment,0
103827,paid_search,treatment,0
101970,app_store,control,0
108771,paid_search,control,0
111319,paid_search,control,1
112057,referral,treatment,1
108954,paid_search,treatment,0
102401,paid_search,control,0
104584,app_store,treatment,1
104162,organic,treatment,0
108207,app_store,treatment,0
111595,paid_search,control,0
101084,paid_search,control,0
113669,referral,treatment,1
111082,referral,treatment,0
110052,referral,control,0
106960,organic,treatment,0
110310,organic,control,1
101108,paid_search,control,1
100858,organic,treatment,0
111354,app_store,treatment,0
112007,paid_search,treatment,0
103317,paid_search,control,1
113157,organic,treatment,0
110778,paid_search,treatment,1
101874,app_store,treatment,0
100346,app_store,treatment,0
113628,referral,treatment,0
112345,organic,control,0
106650,paid_search,control,0
110066,organic,treatment,0
112275,paid_search,control,0
109797,referral,control,1
101282,organic,treatment,1
100657,paid_search,control,0
113242,organic,treatment,0
112391,paid_search,treatment,1
108010,organic,control,0
107661,paid_search,control,0
113197,paid_search,treatment,0
100271,paid_search,treatment,0
106272,organic,treatment,0
100876,organic,treatment,0
101902,paid_search,control,0
101478,referral,treatment,1
106387,organic,treatment,0
108469,paid_search,control,0
104784,paid_search,control,1
109193,organic,treatment,0
100966,paid_search,treatment,0
112606,organic,control,1
100380,paid_search,control,0
109827,paid_search,treatment,0
102268,referral,control,1
112485,app_store,control,0
113784,paid_search,treatment,0
113962,app_store,control,0
101687,paid_search,control,0
111691,app_store,treatment,1
105353,influencer,treatment,0
111787,paid_search,treatment,0
111594,paid_search,treatment,0
106779,paid_search,control,0
111486,referral,treatment,0
104099,organic,treatment,1
102174,organic,treatment,0
105636,organic,treatment,1
108088,app_store,control,0
101548,organic,treatment,0
111963,app_store,treatment,0
108993,referral,control,0
100573,referral,treatment,0
104730,organic,treatment,1
104151,app_store,control,0
111118,paid_search,control,1
101802,paid_search,control,0
100944,organic,treatment,0
106892,influencer,control,0
112899,referral,control,0
102125,organic,control,0
100762,organic,treatment,0
102642,organic,treatment,0
109683,paid_search,control,0
108008,paid_search,control,0
110545,paid_search,control,0
101530,paid_search,treatment,0
103664,paid_search,control,1
108394,app_store,control,0
105972,paid_search,control,0
101324,app_store,control,0
112620,organic,treatment,0
105046,referral,treatment,1
111965,paid_search,treatment,0
106945,app_store,treatment,0
100340,paid_search,control,0
109532,app_store,treatment,0
106037,organic,treatment,1
102606,app_store,control,0
100520,paid_search,control,0
111920,app_store,treatment,0
111825,referral,treatment,0
111811,organic,treatment,1
105750,paid_search,control,0
111894,paid_search,control,0
108788,paid_search,control,1
109704,organic,treatment,1
101898,paid_search,control,0
107000,paid_search,control,0
105277,referral,control,0
102915,paid_search,control,0
109866,app_store,treatment,0
100701,paid_search,control,0
103436,paid_search,control,0
107409,paid_search,treatment,0
110514,paid_search,control,0
109120,organic,treatment,0
103980,app_store,treatment,1
108958,paid_search,treatment,0
102311,paid_search,control,0
112499,organic,treatment,0
107057,referral,control,0
103926,paid_search,control,0
102846,app_store,treatment,0
106176,paid_search,treatment,1
100815,paid_search,control,0
104921,paid_search,control,0
110627,organic,treatment,0
106236,paid_search,control,1
100053,paid_search,control,0
113555,organic,treatment,1
110729,organic,treatment,1
108448,paid_search,control,0
110455,paid_search,treatment,0
112010,paid_search,control,0
101560,organic,treatment,1
112425,paid_search,control,0
109431,organic,treatment,0
109595,referral,control,1
100999,app_store,treatment,0
111295,app_store,treatment,0
108350,organic,control,1
110098,organic,treatment,1
102044,organic,treatment,0
101986,organic,treatment,0
103347,app_store,treatment,0
102573,influencer,treatment,0
101164,referral,treatment,0
112257,paid_search,control,0
106066,referral,treatment,0
107955,referral,treatment,0
110590,paid_search,control,1
104410,paid_search,control,1
100098,organic,control,1
111221,paid_search,control,1
107792,paid_search,control,0
100893,organic,control,0
101123,app_store,treatment,0
111942,organic,treatment,1
106364,paid_search,control,1
112958,paid_search,treatment,0
110118,referral,control,0
105248,influencer,treatment,0
110613,organic,control,0
106528,referral,treatment,0
102556,organic,treatment,0
107760,paid_search,treatment,0
106180,app_store,control,0
108677,app_store,treatment,0
103465,organic,control,0
101764,app_store,control,0
113442,organic,treatment,0
108981,referral,control,0
104973,organic,control,1
101116,paid_search,control,0
113712,paid_search,control,1
106229,paid_search,control,0
109330,paid_search,control,0
108587,organic,treatment,0
108829,organic,control,0
102857,organic,treatment,0
101838,referral,control,0
105731,organic,treatment,0
100617,referral,control,0
111204,referral,treatment,0
105313,referral,control,1
109905,paid_search,treatment,0
109917,organic,treatment,1
105899,organic,treatment,0
104706,paid_search,control,0
112977,referral,treatment,0
102684,app_store,treatment,0
109742,paid_search,control,0
112959,app_store,control,0
104918,influencer,treatment,0
110201,referral,control,0
111709,organic,control,1
106071,referral,control,0
112436,paid_search,treatment,0
108470,organic,treatment,0
108328,organic,control,0
112640,app_store,control,0
111339,paid_search,control,0
106826,referral,treatment,0
110495,app_store,treatment,0
113010,organic,control,0
106483,organic,control,0
101846,referral,control,0
105322,referral,treatment,0
100943,organic,treatment,0
100609,app_store,treatment,1
108916,app_store,control,0
104927,referral,treatment,0
105449,paid_search,control,0
103847,paid_search,control,0
107052,paid_search,treatment,0
107691,app_store,treatment,0
106990,paid_search,control,0
111718,app_store,treatment,0
105298,paid_search,control,0
110413,organic,control,1
100518,paid_search,control,0
106851,referral,treatment,1
107565,paid_search,control,0
104501,paid_search,control,0
111707,referral,control,0
100803,referral,treatment,0
111418,organic,treatment,0
109713,organic,treatment,0
100057,app_store,treatment,1
103102,app_store,treatment,1
113327,organic,treatment,1
111178,paid_search,control,0
107899,organic,treatment,0
110981,referral,control,1
101477,influencer,control,0
112470,referral,control,0
113469,referral,treatment,1
100288,app_store,treatment,0
111361,organic,treatment,0
113453,organic,control,0
102889,organic,control,0
108082,app_store,treatment,1
102363,referral,treatment,0
109052,paid_search,control,1
109600,app_store,treatment,0
104189,app_store,control,0
111558,paid_search,control,0
113367,paid_search,control,0
110226,organic,control,0
110094,referral,control,0
110364,paid_search,control,1
104153,paid_search,control,0
105228,organic,control,1
108221,organic,treatment,1
109885,referral,control,0
103440,organic,treatment,1
104095,organic,treatment,0
107095,organic,treatment,1
108182,referral,treatment,0
103845,organic,treatment,0
103223,paid_search,treatment,0
100869,paid_search,control,0
103449,paid_search,treatment,0
111547,organic,control,0
112911,paid_search,control,0
112160,referral,control,0
101685,referral,treatment,0
102737,referral,control,1
112427,organic,control,0
102479,referral,treatment,0
113862,app_store,control,0
110810,organic,control,0
101643,paid_search,control,1
107413,paid_search,treatment,0
105588,organic,treatment,1
104033,paid_search,treatment,0
111304,app_store,treatment,0
109365,organic,treatment,0
105183,organic,treatment,0
105936,paid_search,control,0
110700,referral,treatment,1
112603,paid_search,treatment,0
107137,organic,treatment,0
106340,paid_search,treatment,0
108833,referral,treatment,0
108333,paid_search,treatment,0
101936,organic,treatment,1
104759,referral,control,0
105331,organic,treatment,0
113009,referral,treatment,0
104560,paid_search,control,0
104333,referral,control,0
112663,paid_search,treatment,0
102327,referral,treatment,0
105881,paid_search,control,0
104557,paid_search,treatment,0
112848,organic,treatment,1
102537,referral,treatment,0
112908,organic,control,0
112448,paid_search,control,0
113529,organic,control,0
112906,app_store,control,0
113347,organic,treatment,0
110579,referral,treatment,0
103874,paid_search,control,0
104032,organic,treatment,0
105842,organic,treatment,0
100976,referral,treatment,0
113776,organic,control,0
110827,paid_search,control,0
102828,paid_search,control,0
110114,organic,control,1
103159,app_store,control,0
106430,paid_search,control,0
110282,referral,treatment,1
113508,paid_search,control,0
110004,paid_search,control,0
104943,organic,control,0
104457,app_store,treatment,0
108700,referral,treatment,0
106687,paid_search,control,0
104216,paid_search,control,0
102611,app_store,control,0
106283,app_store,control,0
111435,referral,control,0
108397,organic,treatment,0
111497,referral,treatment,0
113664,paid_search,control,0
102700,referral,control,0
110132,paid_search,control,0
105321,referral,control,0
108301,paid_search,treatment,0
112739,referral,control,0
101335,paid_search,control,0
101619,referral,treatment,0
104371,organic,treatment,0
112785,app_store,control,0
110941,paid_search,treatment,0
100230,referral,control,0
101355,organic,treatment,0
109569,app_store,control,0
103776,app_store,control,1
110112,referral,treatment,0
103857,organic,control,0
104273,organic,treatment,1
112240,paid_search,control,0
107929,organic,treatment,1
111934,paid_search,control,0
108589,paid_search,control,0
102272,referral,treatment,1
101579,app_store,treatment,0
103649,paid_search,control,0
113380,referral,control,0
105757,organic,control,0
108128,organic,treatment,0
110835,paid_search,control,0
112168,app_store,treatment,0
103763,paid_search,control,0
104247,app_store,control,0
106792,referral,control,0
102722,app_store,control,0
105465,organic,control,0
100522,paid_search,control,0
108095,organic,treatment,1
100716,paid_search,control,0
106620,app_store,treatment,0
102702,paid_search,control,0
110548,app_store,treatment,1
101590,referral,treatment,0
110274,organic,treatment,0
113987,organic,treatment,0
108101,organic,control,0
111967,referral,control,0
106094,paid_search,control,0
107396,paid_search,treatment,0
107764,organic,treatment,0
110073,organic,treatment,0
111973,paid_search,control,0
101445,organic,treatment,0
113794,referral,treatment,0
104945,app_store,treatment,1
101032,organic,treatment,0
101018,organic,treatment,0
101832,referral,treatment,0
109635,app_store,control,0
109184,organic,treatment,0
113960,paid_search,treatment,0
108189,organic,control,1
112729,referral,treatment,0
103853,organic,control,1
106486,referral,treatment,1
104341,app_store,control,0
109655,organic,treatment,1
104375,paid_search,control,0
103060,influencer,control,0
101208,app_store,control,1
111839,app_store,treatment,1
112293,app_store,control,1
106582,paid_search,treatment,0
110612,paid_search,control,0
101405,paid_search,treatment,0
113614,organic,treatment,0
113386,paid_search,treatment,0
101873,referral,control,1
111589,paid_search,control,0
109899,organic,control,1
111029,organic,control,1
104250,paid_search,control,0
101484,organic,control,0
108341,organic,control,0
105427,organic,treatment,0
113189,paid_search,control,0
107292,paid_search,treatment,1
110594,app_store,control,0
109444,paid_search,control,0
113463,referral,control,0
106110,organic,treatment,0
104561,organic,control,1
109616,paid_search,treatment,0
100525,organic,control,1
108091,paid_search,control,0
112284,organic,control,1
101921,organic,treatment,1
105210,referral,control,0
112349,paid_search,treatment,0
113777,organic,treatment,0
100315,app_store,control,0
102183,app_store,control,1
101451,organic,treatment,0
102154,influencer,treatment,0
104471,app_store,control,0
107202,paid_search,treatment,0
109637,paid_search,control,0
112677,organic,control,0
101040,organic,control,0
102605,referral,treatment,0
105369,referral,treatment,1
105503,paid_search,control,1
100921,paid_search,control,0
101731,app_store,control,0
104716,paid_search,treatment,0
113274,referral,control,0
103973,referral,treatment,0
103832,paid_search,treatment,0
104675,organic,treatment,0
100209,paid_search,control,0
102854,organic,treatment,1
102588,app_store,control,0
111396,paid_search,treatment,0
105311,organic,control,0
104909,referral,treatment,1
106091,referral,treatment,0
100076,app_store,control,0
106692,app_store,control,0
102532,organic,treatment,1
102398,referral,treatment,1
101770,referral,control,0
112373,organic,treatment,1
112078,referral,treatment,0
107086,paid_search,control,0
108922,organic,control,0
101769,paid_search,control,0
110309,referral,treatment,0
104380,paid_search,control,0
110351,referral,treatment,0
108540,referral,treatment,0
107213,organic,control,0
103653,organic,control,0
101309,paid_search,control,0
109150,organic,treatment,1
106968,organic,treatment,0
108591,organic,treatment,1
109552,referral,control,0
111080,paid_search,treatment,0
100334,organic,control,1
111459,organic,treatment,0
112355,paid_search,treatment,0
112389,paid_search,control,0
101904,organic,treatment,0
109062,paid_search,control,0
105026,app_store,control,0
109382,organic,treatment,0
103578,organic,treatment,1
109355,paid_search,control,0
113185,referral,control,0
108978,referral,control,0
101403,app_store,control,0
103311,paid_search,control,0
101610,paid_search,control,0
111768,app_store,treatment,0
101393,paid_search,control,0
100433,app_store,control,0
102823,referral,treatment,1
110134,app_store,control,1
111815,referral,treatment,1
108848,organic,treatment,1
109781,organic,treatment,0
102109,organic,control,0
110794,app_store,control,0
104815,app_store,control,0
100043,paid_search,control,0
103692,referral,treatment,0
112018,paid_search,control,0
108246,organic,treatment,1
112214,organic,treatment,1
111248,organic,treatment,0
102977,organic,treatment,0
108838,organic,treatment,1
105222,paid_search,control,0
100706,paid_search,control,0
112705,paid_search,control,0
110191,paid_search,control,0
113548,app_store,treatment,1
106747,organic,control,0
101214,referral,control,1
108038,organic,control,1
107346,referral,control,0
111500,paid_search,control,0
113145,organic,treatment,1
106393,organic,treatment,0
112302,paid_search,control,0
113554,app_store,treatment,0
108998,paid_search,treatment,0
111604,referral,control,0
100113,organic,treatment,0
100134,paid_search,control,1
112412,organic,treatment,1
102458,paid_search,control,1
101359,paid_search,treatment,0
105533,paid_search,control,0
103111,organic,treatment,0
108384,paid_search,control,1
107397,paid_search,treatment,0
106913,paid_search,control,0
107474,paid_search,treatment,0
106202,organic,treatment,1
100492,paid_search,treatment,1
112719,paid_search,control,0
109140,referral,control,0
101329,referral,control,0
105111,paid_search,control,0
112251,paid_search,treatment,1
113702,referral,control,1
108704,app_store,treatment,0
112935,organic,control,0
103886,organic,control,0
110233,organic,control,1
104749,paid_search,control,0
112820,referral,treatment,0
106295,app_store,treatment,0
113458,paid_search,control,0
108502,app_store,treatment,0
113139,organic,control,1
103724,referral,treatment,0
106885,organic,treatment,1
103362,paid_search,control,0
105635,paid_search,control,1
109948,paid_search,control,0
102105,paid_search,control,1
111313,organic,treatment,0
106518,organic,treatment,0
108106,referral,control,0
104383,referral,control,1
108919,paid_search,control,0
109812,app_store,control,0
102157,referral,control,0
106827,referral,control,0
106137,paid_search,control,0
113597,paid_search,treatment,0
113762,paid_search,control,0
110143,organic,treatment,0
103831,organic,control,0
109281,organic,control,1
112571,referral,control,0
109558,organic,treatment,0
104267,paid_search,treatment,0
106857,paid_search,treatment,0
100155,paid_search,control,1
112393,referral,control,0
100184,organic,control,1
111120,paid_search,treatment,0
111382,referral,control,0
106203,paid_search,control,0
112093,paid_search,control,0
105944,organic,treatment,1
110877,paid_search,treatment,0
106104,paid_search,treatment,0
105794,paid_search,control,0
100400,app_store,treatment,0
111645,referral,treatment,0
107487,paid_search,treatment,1
107169,influencer,control,0
104135,referral,treatment,0
102895,referral,control,1
113979,organic,control,0
110367,referral,control,0
105622,paid_search,control,1
103457,referral,treatment,0
101029,paid_search,control,1
112490,referral,control,0
110816,referral,control,0
106411,paid_search,control,0
113165,paid_search,control,0
101697,organic,control,1
104931,app_store,treatment,0
100097,organic,control,0
103694,paid_search,control,0
102347,referral,control,0
111123,paid_search,control,1
111377,organic,control,0
112680,referral,treatment,0
102289,referral,treatment,1
107301,referral,treatment,0
100935,influencer,control,0
108158,app_store,treatment,1
101086,paid_search,control,0
111368,paid_search,treatment,0
112689,paid_search,control,0
112552,app_store,treatment,0
101629,paid_search,control,1
104804,referral,treatment,0
111908,referral,control,1
108821,paid_search,control,0
103527,organic,treatment,1
109773,app_store,treatment,0
105809,referral,treatment,0
109776,paid_search,control,0
101811,paid_search,treatment,1
100717,referral,treatment,1
101285,paid_search,control,0
100645,referral,treatment,1
107875,paid_search,control,0
109705,organic,treatment,1
113075,organic,treatment,1
103384,referral,control,0
101437,paid_search,treatment,1
108607,organic,control,1
104446,app_store,control,0
113322,organic,treatment,0
110415,paid_search,control,0
112765,referral,control,0
103276,paid_search,control,0
109253,paid_search,treatment,0
104422,paid_search,control,0
102678,organic,treatment,0
110140,referral,control,1
103997,paid_search,treatment,0
100141,paid_search,control,0
105415,influencer,treatment,0
104587,paid_search,control,0
102541,paid_search,control,0
103034,organic,treatment,0
105543,paid_search,control,0
103652,paid_search,control,0
106408,paid_search,control,0
108657,app_store,treatment,0
106397,organic,treatment,0
108685,paid_search,control,0
107267,paid_search,control,0
101264,organic,treatment,0
106086,organic,control,1
104729,organic,treatment,0
103447,app_store,treatment,0
113997,paid_search,control,1
102806,organic,treatment,1
107728,app_store,treatment,0
108200,paid_search,control,0
109592,organic,control,0
105669,app_store,control,0
104238,organic,treatment,0
109769,referral,treatment,0
101637,organic,control,1
110311,organic,treatment,0
105019,app_store,control,0
108734,paid_search,control,0
108649,app_store,control,0
107776,app_store,control,0
113790,paid_search,control,0
113365,paid_search,control,0
100190,paid_search,treatment,0
109195,referral,treatment,0
103146,app_store,treatment,0
104887,organic,treatment,0
102920,referral,treatment,0
104547,organic,treatment,0
106341,paid_search,control,0
101569,paid_search,control,0
110005,paid_search,treatment,0
107854,app_store,control,1
111067,paid_search,treatment,1
110547,referral,treatment,1
100555,app_store,treatment,0
109268,organic,control,0
107431,paid_search,treatment,1
108697,paid_search,control,0
102663,paid_search,treatment,1
108356,paid_search,control,0
104353,organic,treatment,1
105445,paid_search,control,0
112233,paid_search,control,0
104978,referral,control,0
104597,paid_search,treatment,0
108403,referral,control,1
110762,referral,control,0
103683,referral,treatment,1
104437,paid_search,control,0
103118,paid_search,control,1
108486,influencer,control,0
107175,organic,treatment,0
112230,organic,control,0
110648,referral,treatment,0
103364,organic,treatment,0
108016,organic,control,1
110512,referral,control,1
101562,app_store,treatment,0
108322,referral,treatment,0
105678,referral,treatment,0
105540,organic,treatment,0
102662,app_store,treatment,0
102163,organic,treatment,0
113401,app_store,control,0
107517,organic,control,0
113822,referral,treatment,1
112276,organic,treatment,0
104485,paid_search,control,0
107628,paid_search,control,1
112291,paid_search,control,1
111280,paid_search,treatment,0
109803,paid_search,control,0
111420,organic,treatment,0
111673,paid_search,control,0
107984,paid_search,control,0
104615,organic,treatment,1
110199,paid_search,treatment,0
100501,referral,treatment,1
106361,referral,control,0
103126,paid_search,treatment,0
108449,organic,control,1
113506,paid_search,control,0
109920,organic,control,1
102169,paid_search,control,0
103415,referral,treatment,0
101930,organic,control,0
108165,organic,treatment,1
102131,paid_search,control,0
107013,organic,treatment,1
106546,app_store,control,0
106322,app_store,treatment,1
108876,organic,treatment,1
113826,paid_search,control,0
112885,paid_search,treatment,0
108405,organic,control,0
101220,organic,treatment,0
111219,paid_search,control,0
111524,referral,control,0
104656,app_store,control,1
103871,paid_search,treatment,0
101926,paid_search,treatment,0
106806,paid_search,control,0
113652,paid_search,control,0
111579,paid_search,treatment,0
113184,paid_search,treatment,0
109455,referral,treatment,0
103377,referral,treatment,0
111573,organic,control,0
109881,app_store,control,0
104001,paid_search,control,0
104981,referral,control,0
103044,organic,treatment,0
111085,organic,control,0
112354,organic,treatment,1
100607,app_store,control,0
106096,organic,control,0
105094,paid_search,treatment,0
110625,paid_search,control,0
106760,paid_search,control,0
106997,paid_search,control,0
102194,organic,treatment,0
113665,organic,control,0
107341,referral,treatment,1
108803,app_store,control,0
106216,paid_search,control,1
103204,organic,control,0
100214,paid_search,control,0
100232,app_store,treatment,1
112828,paid_search,control,0
104723,paid_search,control,1
104500,paid_search,treatment,1
111566,paid_search,control,0
107356,paid_search,treatment,0
112539,organic,control,0
103676,paid_search,control,0
101495,organic,treatment,0
113692,organic,treatment,1
106050,app_store,control,0
102785,organic,treatment,0
107032,referral,control,0
111006,organic,treatment,1
108450,influencer,control,1
100326,influencer,control,0
111625,referral,treatment,0
104159,organic,treatment,1
102835,organic,control,0
108173,organic,treatment,0
100222,paid_search,control,0
105833,referral,treatment,0
106618,app_store,treatment,1
105564,paid_search,treatment,0
106858,paid_search,control,0
105908,app_store,control,0
105874,paid_search,control,0
113415,referral,treatment,0
102826,paid_search,treatment,0
105434,paid_search,control,0
113609,referral,control,0
101200,referral,control,1
105175,app_store,control,0
109094,organic,control,0
110848,paid_search,control,0
106418,referral,treatment,1
111220,organic,treatment,1
102791,paid_search,control,0
101122,paid_search,control,0
107703,paid_search,control,0
106152,organic,treatment,0
109267,organic,control,1
102351,organic,control,0
113393,paid_search,control,0
111693,organic,treatment,1
101103,organic,treatment,1
111326,paid_search,control,1
102129,paid_search,treatment,0
106688,app_store,control,0
111842,referral,treatment,0
101701,organic,control,0
110076,referral,treatment,0
106474,paid_search,control,0
109283,app_store,treatment,0
110801,app_store,treatment,0
107959,organic,treatment,0
109556,paid_search,control,1
110051,paid_search,control,0
106615,app_store,treatment,1
105077,app_store,treatment,0
100391,referral,control,0
109218,organic,treatment,0
107405,influencer,control,0
113838,referral,treatment,0
111669,referral,control,0
113053,paid_search,control,0
100798,referral,control,0
110859,organic,treatment,0
108593,paid_search,control,0
111864,influencer,treatment,0
104954,paid_search,treatment,0
103863,organic,treatment,1
101280,organic,control,0
101019,referral,control,1
102754,organic,treatment,0
111795,organic,control,0
101191,app_store,treatment,0
109730,organic,control,0
109788,referral,control,0
101723,organic,treatment,0
111375,paid_search,control,1
100025,paid_search,control,0
109092,organic,control,1
103878,paid_search,control,0
106460,paid_search,control,0
113557,paid_search,control,0
103916,paid_search,control,1
102111,app_store,treatment,0
109721,organic,control,0
101013,organic,treatment,1
102986,paid_search,control,0
102142,paid_search,control,0
108036,paid_search,treatment,0
100243,organic,control,0
101330,paid_search,treatment,1
103456,organic,control,0
112974,paid_search,treatment,0
101145,app_store,control,0
105884,referral,treatment,1
102907,referral,control,0
113112,referral,control,0
112014,organic,control,1
102484,paid_search,treatment,0
107586,organic,treatment,1
113798,organic,treatment,0
107940,organic,control,1
111270,organic,treatment,0
102298,organic,treatment,0
110780,paid_search,control,0
113730,referral,control,0
104559,app_store,treatment,0
105461,referral,treatment,1
103307,app_store,treatment,0
105684,paid_search,treatment,0
113198,paid_search,control,0
103983,organic,control,0
104167,referral,control,1
100904,paid_search,control,1
105549,organic,treatment,0
108692,referral,control,0
104355,app_store,treatment,0
102085,influencer,control,1
100912,paid_search,control,0
104637,referral,control,1
106232,paid_search,control,0
100247,referral,control,0
112171,app_store,treatment,0
103061,paid_search,control,0
112295,paid_search,control,0
103788,influencer,control,0
113602,paid_search,treatment,0
108373,organic,control,1
102369,organic,treatment,1
109703,paid_search,control,0
102122,organic,treatment,0
101385,paid_search,control,0
106999,organic,treatment,0
110038,referral,control,0
106860,organic,control,1
112972,referral,treatment,0
105096,referral,treatment,1
105539,paid_search,control,0
109686,app_store,control,0
106499,paid_search,control,0
112776,organic,treatment,0
108600,referral,treatment,0
102095,organic,treatment,1
110496,organic,treatment,0
106046,paid_search,control,0
103431,paid_search,control,0
106568,app_store,control,0
102726,organic,treatment,0
111672,paid_search,control,0
100971,app_store,treatment,0
108527,paid_search,treatment,0
103270,referral,treatment,0
108646,influencer,control,1
113675,paid_search,control,0
112926,app_store,control,0
112822,referral,control,0
109740,paid_search,control,0
103650,paid_search,control,0
106421,paid_search,control,0
108271,referral,control,0
113263,organic,treatment,0
102162,referral,control,0
107449,paid_search,control,0
110585,app_store,treatment,0
113058,paid_search,treatment,0
107216,referral,treatment,0
111992,referral,treatment,0
109254,organic,control,0
101422,referral,control,0
107895,paid_search,treatment,0
108007,paid_search,treatment,0
103475,organic,treatment,0
101499,paid_search,control,0
109422,organic,treatment,0
103998,paid_search,treatment,0
100724,organic,treatment,1
102548,organic,control,0
105336,paid_search,control,0
105621,paid_search,control,0
110021,referral,control,0
110018,paid_search,control,0
104821,paid_search,control,0
104054,organic,treatment,1
102990,referral,treatment,0
104484,organic,treatment,0
106807,referral,control,0
103668,paid_search,treatment,0
108473,paid_search,treatment,0
101321,organic,treatment,0
107066,paid_search,treatment,1
102291,organic,treatment,0
105847,referral,treatment,1
109547,referral,control,0
102281,paid_search,control,0
100738,organic,control,1
111550,paid_search,treatment,0
108203,paid_search,control,0
112351,referral,control,0
111438,paid_search,treatment,0
101668,organic,control,0
110895,referral,control,1
111278,organic,control,0
101658,organic,control,1
102004,paid_search,treatment,0
111683,app_store,treatment,0
111159,app_store,control,0
112077,paid_search,control,0
108410,organic,control,1
107943,organic,treatment,0
106030,organic,treatment,0
113679,paid_search,control,0
101173,app_store,control,0
103658,app_store,treatment,0
106120,organic,control,0
100028,paid_search,treatment,0
101312,referral,treatment,1
112177,organic,control,1
104143,organic,treatment,0
106592,referral,control,0
106903,paid_search,control,1
110068,organic,treatment,1
100946,referral,treatment,0
111813,referral,control,0
112666,paid_search,treatment,0
104522,paid_search,control,1
112056,paid_search,control,0
113919,organic,treatment,1
113102,organic,control,0
102976,app_store,control,0
113030,referral,control,0
110312,organic,treatment,0
103978,paid_search,control,0
101129,organic,control,1
103868,paid_search,treatment,0
110618,paid_search,control,0
104176,organic,control,1
101788,influencer,treatment,0
106402,influencer,control,0
112305,paid_search,control,0
108133,app_store,control,1
111971,paid_search,control,0
102406,app_store,treatment,0
112613,organic,treatment,0
103080,paid_search,control,1
102710,paid_search,treatment,0
109911,organic,treatment,1
111895,paid_search,control,0
109964,organic,treatment,0
110317,paid_search,treatment,0
112583,paid_search,control,0
101607,paid_search,control,0
108932,organic,control,1
112886,app_store,treatment,0
107997,referral,control,0
109236,paid_search,control,0
106642,paid_search,control,0
110597,app_store,treatment,1
105813,referral,control,1
112495,referral,control,0
111165,paid_search,control,0
103902,paid_search,control,0
102734,paid_search,control,0
107765,referral,control,0
105444,referral,treatment,0
105870,paid_search,control,0
109475,paid_search,control,0
113319,referral,treatment,0
106021,paid_search,control,0
100459,paid_search,control,0
103453,paid_search,control,0
104382,referral,control,0
104908,organic,treatment,1
106463,app_store,control,0
101159,referral,treatment,0
108112,paid_search,control,0
101669,paid_search,treatment,0
102409,paid_search,control,1
112468,paid_search,control,0
111534,paid_search,control,0
103278,paid_search,control,0
105297,referral,treatment,1
108899,paid_search,control,0
113107,paid_search,treatment,0
112779,referral,treatment,0
104897,referral,treatment,0
105569,paid_search,treatment,0
111366,referral,treatment,0
104582,app_store,control,0
106517,paid_search,control,0
104502,paid_search,control,0
111138,app_store,treatment,0
100577,referral,treatment,0
103330,referral,treatment,1
105360,organic,treatment,0
112245,app_store,control,0
109417,organic,treatment,1
110023,paid_search,control,0
100233,organic,control,1
112728,paid_search,control,0
107822,referral,control,0
100662,organic,control,0
100534,organic,control,0
111444,organic,control,0
113930,paid_search,control,1
111736,paid_search,treatment,0
100780,paid_search,control,0
109091,app_store,control,1
110119,paid_search,control,0
109379,paid_search,treatment,0
100541,paid_search,control,0
109699,paid_search,control,0
106691,paid_search,treatment,0
100661,organic,treatment,0
104476,organic,treatment,0
106579,organic,treatment,1
101720,organic,treatment,0
102081,paid_search,control,0
112769,paid_search,control,0
111936,paid_search,control,0
103321,paid_search,control,0
101583,paid_search,control,0
101284,referral,control,0
110894,organic,control,0
105278,organic,treatment,0
103284,organic,treatment,1
108033,organic,treatment,0
112894,referral,control,0
102464,referral,control,0
107461,organic,control,0
106805,referral,treatment,0
112418,paid_search,control,0
104746,paid_search,control,0
103488,paid_search,control,0
108871,organic,treatment,0
106961,app_store,control,0
111174,referral,control,1
105288,paid_search,treatment,0
112805,organic,treatment,1
101392,referral,control,0
101142,organic,treatment,0
106988,organic,treatment,0
112795,referral,treatment,0
105352,app_store,control,0
105918,paid_search,control,0
107092,app_store,treatment,0
106000,organic,treatment,0
113751,referral,control,0
109987,paid_search,control,1
108507,referral,treatment,0
113717,app_store,treatment,0
104402,organic,treatment,0
108723,paid_search,control,0
105748,paid_search,control,0
102505,app_store,treatment,0
107836,app_store,control,0
104000,organic,treatment,0
110412,paid_search,treatment,1
104750,app_store,treatment,0
106029,paid_search,control,0
105815,paid_search,treatment,0
111104,paid_search,control,0
113769,app_store,control,0
103340,organic,treatment,1
104432,referral,treatment,0
106479,organic,treatment,0
113743,paid_search,control,0
108511,paid_search,control,0
105630,organic,treatment,1
106183,paid_search,control,0
113317,paid_search,control,0
111901,paid_search,control,1
104286,organic,treatment,0
112517,referral,treatment,0
102795,paid_search,treatment,0
106985,paid_search,treatment,0
100306,paid_search,control,0
106328,paid_search,control,0
111605,organic,control,0
103699,paid_search,control,1
107548,app_store,treatment,0
112030,paid_search,control,0
104184,referral,treatment,0
112475,organic,treatment,1
103784,referral,treatment,1
102756,organic,treatment,0
102262,organic,treatment,0
104492,app_store,control,0
107806,app_store,treatment,0
100516,referral,treatment,1
104027,app_store,treatment,0
109425,paid_search,control,0
101239,organic,control,0
108973,organic,treatment,1
106464,organic,control,0
112628,paid_search,control,1
112546,app_store,control,0
113260,app_store,treatment,0
109064,paid_search,control,0
100603,organic,treatment,1
101465,organic,treatment,0
103617,paid_search,treatment,0
113887,paid_search,control,0
107624,referral,control,0
102585,app_store,control,0
105254,paid_search,control,0
107874,organic,treatment,0
107270,referral,control,0
102153,paid_search,control,0
102060,paid_search,control,0
100732,organic,treatment,0
106007,influencer,treatment,0
109125,paid_search,control,1
104278,paid_search,control,0
104955,app_store,treatment,0
103624,referral,treatment,0
104336,influencer,treatment,0
104049,organic,treatment,0
110842,paid_search,treatment,0
104540,paid_search,treatment,0
110474,organic,control,1
105542,organic,treatment,1
105790,paid_search,control,1
108624,referral,treatment,1
105404,paid_search,treatment,0
110923,organic,treatment,1
101155,paid_search,control,0
111560,paid_search,control,0
113288,organic,treatment,1
105377,organic,treatment,0
100755,organic,treatment,0
109131,app_store,control,0
111001,paid_search,control,0
110306,organic,treatment,1
103700,organic,treatment,0
109627,paid_search,treatment,0
111105,paid_search,treatment,0
107252,organic,treatment,1
103975,app_store,control,0
100358,referral,treatment,0
107581,paid_search,control,0
101269,paid_search,treatment,0
112838,paid_search,control,0
109200,paid_search,control,0
108863,organic,treatment,0
111810,paid_search,treatment,0
109301,organic,treatment,0
106721,referral,treatment,0
106262,organic,treatment,0
100245,organic,treatment,0
103046,referral,treatment,1
109995,organic,treatment,0
102653,paid_search,treatment,1
108381,organic,control,0
100100,referral,treatment,0
107858,app_store,treatment,0
110685,paid_search,control,0
112574,app_store,treatment,0
100692,organic,treatment,1
102329,organic,control,0
107656,referral,control,1
100913,organic,treatment,1
107416,referral,control,0
103854,paid_search,control,0
101678,referral,control,0
102931,referral,treatment,1
112588,organic,treatment,0
101194,paid_search,treatment,1
104010,organic,control,1
101647,organic,treatment,0
112771,paid_search,treatment,0
105250,organic,treatment,0
108857,referral,control,0
100681,paid_search,control,0
100774,organic,treatment,0
113178,organic,treatment,0
105681,paid_search,treatment,0
113722,app_store,control,0
102780,app_store,control,0
104884,paid_search,control,0
100949,paid_search,control,0
113496,organic,control,1
102752,paid_search,treatment,0
106136,paid_search,control,0
101065,referral,control,0
101855,paid_search,control,0
101681,referral,treatment,1
106452,paid_search,control,0
111735,referral,treatment,0
111727,paid_search,control,0
105730,organic,control,0
108239,app_store,treatment,0
106531,organic,treatment,0
110769,organic,treatment,0
101286,paid_search,control,0
110982,organic,treatment,1
102019,referral,control,0
108705,referral,control,0
111226,app_store,control,0
102000,paid_search,treatment,0
107253,paid_search,control,0
105464,paid_search,control,0
102444,organic,treatment,0
110736,organic,treatment,0
104057,app_store,treatment,1
108313,app_store,control,0
111549,paid_search,control,0
104183,organic,treatment,1
103434,referral,control,0
113976,app_store,control,0
112724,referral,control,1
104517,organic,treatment,0
105123,organic,control,1
104614,paid_search,control,0
109810,paid_search,treatment,0
113153,referral,control,0
107273,paid_search,treatment,0
110105,referral,treatment,0
109618,organic,control,0
103132,organic,control,0
109717,organic,treatment,0
105439,referral,treatment,0
108353,organic,treatment,0
112331,organic,treatment,0
109868,organic,treatment,0
111689,referral,control,1
107062,paid_search,control,0
104285,paid_search,treatment,0
100749,paid_search,control,0
112335,organic,control,1
103629,paid_search,treatment,0
105859,referral,control,0
111471,paid_search,control,0
102396,referral,control,0
113656,organic,treatment,0
100712,referral,control,0
110569,referral,treatment,0
102266,app_store,control,0
107111,organic,treatment,1
111032,referral,treatment,0
108069,paid_search,control,1
100375,organic,treatment,0
102403,paid_search,treatment,1
107186,paid_search,control,0
102303,paid_search,control,0
100035,paid_search,control,0
109907,organic,control,1
110715,referral,control,1
112088,referral,treatment,0
112479,referral,treatment,0
111050,paid_search,control,0
104084,organic,treatment,1
112142,paid_search,control,0
106391,referral,control,1
103884,referral,treatment,0
101119,referral,treatment,0
101842,paid_search,treatment,1
105639,app_store,control,1
106051,paid_search,treatment,0
113898,paid_search,control,0
103369,paid_search,control,0
104222,organic,treatment,1
108379,app_store,treatment,0
102204,referral,control,0
103761,organic,treatment,0
111981,paid_search,control,0
107526,paid_search,treatment,0
102927,paid_search,control,0
106369,app_store,treatment,0
109314,organic,treatment,0
111783,app_store,control,0
108512,paid_search,treatment,0
109994,organic,control,0
106447,app_store,control,0
100714,organic,control,0
111143,organic,treatment,0
102144,organic,control,1
113224,paid_search,treatment,0
111900,organic,control,0
103379,referral,control,0
112502,paid_search,control,0
102477,referral,treatment,0
102946,paid_search,control,0
102883,referral,control,1
108906,app_store,control,0
111510,paid_search,treatment,0
113348,app_store,treatment,0
102657,paid_search,control,0
102571,referral,treatment,1
111661,organic,treatment,0
109963,referral,treatment,1
111477,paid_search,control,0
102274,referral,control,0
109396,paid_search,treatment,1
104523,app_store,treatment,0
108952,referral,control,0
111146,referral,treatment,0
101879,organic,treatment,0
107176,paid_search,control,0
109289,organic,treatment,0
112960,organic,treatment,0
112369,paid_search,control,1
101042,paid_search,control,0
110957,referral,control,0
100061,referral,treatment,1
106170,app_store,treatment,0
105537,organic,treatment,0
113823,app_store,treatment,0
106515,organic,control,0
111480,app_store,treatment,0
111882,paid_search,control,0
102680,paid_search,control,1
110037,organic,treatment,0
105772,app_store,control,0
105829,paid_search,control,0
100831,paid_search,treatment,0
109575,organic,control,1
109645,organic,treatment,1
109376,paid_search,control,0
102032,influencer,treatment,0
106290,organic,control,1
109840,organic,treatment,0
113959,referral,treatment,0
104425,organic,treatment,0
108634,organic,control,0
106182,referral,treatment,0
107209,organic,treatment,0
113633,referral,treatment,0
111958,paid_search,control,0
110544,referral,treatment,0
102755,referral,control,0
113132,app_store,treatment,0
108936,referral,treatment,1
110335,paid_search,treatment,0
104837,organic,treatment,0
104385,organic,treatment,0
104950,app_store,control,0
110931,referral,treatment,0
103165,app_store,control,0
107351,paid_search,treatment,0
101091,referral,treatment,0
108508,paid_search,control,0
112924,referral,treatment,0
112367,app_store,control,0
104618,referral,treatment,1
111829,organic,treatment,0
112379,organic,treatment,1
113160,referral,treatment,0
113591,organic,treatment,0
105487,organic,treatment,0
112090,referral,treatment,1
103810,organic,treatment,0
110318,referral,treatment,0
108451,organic,control,0
112760,paid_search,control,0
104700,organic,treatment,1
111469,organic,treatment,0
102457,referral,control,0
107350,referral,control,0
101276,paid_search,control,0
113856,organic,treatment,0
113215,paid_search,control,0
102772,referral,control,0
110485,app_store,treatment,0
107419,referral,treatment,0
109410,app_store,treatment,0
101859,organic,treatment,1
101298,app_store,control,0
100200,referral,control,0
105633,paid_search,treatment,0
100413,paid_search,control,0
109933,organic,treatment,0
110910,organic,treatment,0
100001,referral,control,1
100903,paid_search,control,0
103416,organic,treatment,0
107093,organic,treatment,1
103493,paid_search,treatment,0
107248,app_store,treatment,0
109546,paid_search,control,1
107191,organic,control,1
104808,app_store,control,0
101588,paid_search,treatment,0
103319,paid_search,treatment,0
102694,referral,control,1
105933,organic,control,1
108988,app_store,treatment,1
107386,organic,control,0
108780,paid_search,control,0
101302,paid_search,control,0
106680,app_store,control,0
111053,paid_search,treatment,0
113114,referral,treatment,0
109782,paid_search,control,0
109835,app_store,control,0
100182,paid_search,control,0
103924,paid_search,control,0
102404,organic,control,1
111745,organic,treatment,1
105514,organic,control,0
112356,organic,control,0
110561,app_store,control,0
103301,organic,treatment,0
111305,paid_search,treatment,0
104924,referral,treatment,0
102817,paid_search,control,0
103940,app_store,treatment,0
100795,paid_search,control,0
113788,paid_search,control,0
108179,paid_search,control,0
107884,organic,treatment,0
107242,organic,treatment,1
111599,paid_search,treatment,0
111139,paid_search,treatment,0
103484,organic,treatment,0
101996,app_store,control,0
110610,paid_search,control,0
112220,paid_search,control,1
112236,referral,control,0
113482,app_store,control,0
110944,organic,treatment,0
101641,organic,treatment,1
108897,paid_search,treatment,0
112047,app_store,control,0
101420,paid_search,treatment,0
111234,organic,treatment,1
102475,paid_search,control,0
103409,organic,treatment,1
110709,paid_search,control,1
109124,paid_search,control,0
111316,app_store,control,1
101522,paid_search,control,0
110991,referral,control,1
107114,paid_search,control,0
107873,organic,treatment,1
101219,referral,treatment,0
112624,referral,treatment,0
105479,app_store,treatment,0
102645,paid_search,control,0
106294,paid_search,control,1
113879,organic,control,0
112184,paid_search,control,0
109028,organic,control,0
106539,organic,control,1
110065,organic,treatment,1
109715,paid_search,control,0
101217,paid_search,control,0
103390,referral,treatment,0
108446,referral,treatment,0
103701,paid_search,control,0
113037,paid_search,control,0
109939,app_store,control,0
105825,app_store,treatment,0
111495,organic,treatment,0
111554,referral,control,1
111283,app_store,treatment,0
102462,app_store,control,0
108613,organic,control,0
103352,paid_search,treatment,0
113268,app_store,control,0
103177,organic,treatment,0
107687,paid_search,control,0
111213,app_store,treatment,1
102067,paid_search,control,0
106503,referral,treatment,0
107069,organic,treatment,1
109622,organic,treatment,0
109795,organic,treatment,0
107896,app_store,treatment,0
106381,app_store,control,1
104854,organic,control,1
108842,paid_search,control,0
104899,referral,treatment,0
106461,paid_search,control,0
112212,referral,control,1
105399,paid_search,control,1
108920,influencer,treatment,0
107141,paid_search,control,0
108377,app_store,treatment,0
111261,organic,control,0
113264,referral,treatment,1
111522,paid_search,treatment,0
106082,referral,control,1
101700,referral,control,0
103509,referral,treatment,0
101408,referral,treatment,1
113412,referral,treatment,0
105451,app_store,treatment,1
103953,paid_search,control,0
113901,paid_search,treatment,0
112774,paid_search,control,0
108760,paid_search,control,0
110300,app_store,treatment,0
111199,organic,treatment,0
109264,organic,treatment,1
102704,organic,treatment,0
106487,organic,control,0
103918,paid_search,control,0
104756,organic,treatment,0
101929,referral,treatment,0
105164,organic,treatment,0
104415,paid_search,control,0
107719,organic,treatment,0
107184,paid_search,control,0
103351,organic,treatment,0
111448,referral,control,1
105481,paid_search,treatment,1
109132,paid_search,control,0
108563,influencer,treatment,1
108280,paid_search,treatment,0
100722,organic,treatment,1
102395,organic,treatment,1
101424,influencer,control,1
106640,organic,treatment,0
110734,paid_search,control,0
108340,app_store,treatment,0
108766,organic,treatment,0
104737,referral,control,0
112746,organic,control,0
106221,organic,treatment,0
103985,organic,treatment,1
104593,paid_search,control,0
101726,organic,treatment,0
109865,organic,treatment,0
104105,organic,control,1
104604,referral,control,0
107852,paid_search,control,0
112256,app_store,control,0
108125,referral,treatment,1
105440,organic,treatment,0
100347,organic,treatment,0
110630,organic,treatment,1
102659,paid_search,control,1
110447,organic,treatment,0
112005,organic,treatment,1
104094,organic,treatment,1
101313,paid_search,control,0
100557,organic,control,0
112560,organic,treatment,0
106470,paid_search,treatment,0
105831,app_store,control,0
105634,paid_search,control,1
102980,paid_search,control,0
106041,referral,control,0
108923,organic,treatment,0
108480,referral,treatment,1
110342,organic,control,1
110204,referral,treatment,1
102143,paid_search,control,0
100344,influencer,treatment,0
113961,paid_search,control,0
106441,app_store,treatment,0
110468,referral,control,1
110881,paid_search,control,0
110319,referral,treatment,0
110520,organic,treatment,1
103117,organic,control,0
111857,organic,treatment,0
112766,organic,treatment,0
111160,organic,treatment,1
106062,organic,treatment,0
112306,app_store,treatment,0
111687,paid_search,control,0
112002,influencer,treatment,0
106822,organic,control,1
106255,organic,treatment,1
110133,influencer,treatment,1
112028,organic,treatment,1
112384,organic,treatment,0
109681,organic,treatment,0
106358,paid_search,control,0
104003,paid_search,control,0
106699,organic,treatment,0
112285,organic,treatment,0
111112,app_store,treatment,0
105137,paid_search,treatment,0
109226,organic,control,0
101666,organic,treatment,0
112264,organic,treatment,0
100458,paid_search,control,0
100489,paid_search,treatment,0
107329,organic,treatment,0
104612,influencer,treatment,0
105877,organic,treatment,0
106812,app_store,control,0
109322,paid_search,control,0
101657,paid_search,control,0
100397,app_store,control,0
113039,paid_search,control,0
103643,paid_search,treatment,0
102494,organic,treatment,0
106610,organic,treatment,0
103709,app_store,control,0
102929,organic,control,1
104697,influencer,treatment,1
108757,organic,control,0
103048,referral,control,1
103354,referral,control,0
109808,paid_search,treatment,0
113397,paid_search,control,1
109482,referral,control,0
105873,app_store,treatment,0
113287,organic,treatment,0
104048,paid_search,control,0
106846,paid_search,treatment,0
101778,app_store,treatment,0
110056,referral,treatment,1
106877,organic,treatment,0
109361,app_store,treatment,0
100081,paid_search,treatment,0
111279,app_store,control,0
100977,organic,control,1
104097,organic,treatment,0
106975,organic,control,0
110135,app_store,treatment,0
101158,paid_search,control,1
104511,app_store,treatment,0
111275,referral,treatment,1
110951,paid_search,control,0
105251,paid_search,control,0
103499,paid_search,control,0
112513,paid_search,treatment,0
104351,organic,control,0
106213,paid_search,treatment,1
110077,referral,treatment,1
113872,organic,treatment,0
102317,referral,control,1
107669,paid_search,control,0
101336,referral,treatment,0
105654,organic,treatment,0
100024,paid_search,control,0
106566,paid_search,treatment,0
104468,referral,control,1
112722,referral,control,1
102993,paid_search,control,0
101639,organic,treatment,1
100260,referral,control,0
103074,paid_search,control,1
103088,referral,control,0
101436,paid_search,control,1
103568,app_store,treatment,1
105030,paid_search,treatment,0
111841,paid_search,control,0
109021,app_store,control,0
102969,app_store,control,0
112903,paid_search,treatment,0
105055,organic,treatment,0
101226,organic,treatment,1
111874,paid_search,treatment,0
112675,organic,treatment,0
113063,app_store,control,0
110730,paid_search,control,0
104876,paid_search,treatment,0
107906,paid_search,control,1
111421,referral,treatment,0
111342,app_store,control,0
105326,organic,treatment,1
113747,referral,control,0
110752,paid_search,control,0
106151,app_store,control,0
105988,referral,control,1
111443,app_store,treatment,0
104092,organic,control,0
108681,app_store,control,0
111149,referral,treatment,0
100671,organic,treatment,0
102971,organic,treatment,0
106936,paid_search,control,0
107729,organic,treatment,1
106498,paid_search,treatment,0
103169,referral,treatment,0
112287,referral,control,0
109790,paid_search,treatment,0
100277,referral,treatment,0
107795,organic,treatment,0
100941,app_store,control,0
110984,app_store,control,0
108567,organic,control,0
109433,paid_search,control,0
112323,organic,treatment,0
107395,organic,treatment,0
100808,app_store,treatment,0
103335,paid_search,control,0
100373,organic,control,0
101375,paid_search,treatment,0
110451,referral,treatment,0
105480,app_store,treatment,1
107750,paid_search,control,0
101581,referral,treatment,0
113615,organic,treatment,1
103814,paid_search,treatment,0
101168,paid_search,treatment,0
106188,organic,treatment,0
106201,referral,treatment,0
101662,paid_search,treatment,1
108778,organic,control,0
111312,app_store,treatment,0
113874,paid_search,control,0
101294,app_store,control,1
108160,referral,control,0
112937,organic,control,1
106731,paid_search,control,0
112623,paid_search,treatment,0
100832,paid_search,control,1
112449,app_store,treatment,1
107349,app_store,control,1
103461,paid_search,control,0
105372,organic,control,1
104007,referral,control,0
109109,app_store,control,0
105052,app_store,treatment,0
102987,paid_search,control,1
102869,organic,control,0
106355,paid_search,treatment,0
100186,organic,treatment,0
104850,paid_search,treatment,0
101877,paid_search,control,0
100975,organic,control,1
108823,organic,control,1
106093,paid_search,control,1
110457,paid_search,control,1
112988,referral,treatment,1
113632,paid_search,control,1
104748,paid_search,treatment,0
108121,referral,control,0
110760,referral,treatment,1
108653,paid_search,control,0
108774,paid_search,control,0
113480,organic,treatment,1
103124,influencer,control,0
101798,organic,control,0
101315,paid_search,control,0
105007,paid_search,control,0
100797,referral,treatment,0
109276,organic,treatment,1
105827,paid_search,treatment,0
111679,referral,treatment,0
102940,referral,treatment,0
107688,paid_search,control,0
108524,organic,treatment,0
104175,organic,treatment,0
108056,paid_search,control,0
110190,referral,treatment,0
102426,organic,control,0
111853,organic,treatment,0
107134,organic,treatment,1
103110,paid_search,control,0
105777,app_store,control,0
105178,paid_search,control,1
106663,paid_search,control,0
104234,referral,control,0
103528,paid_search,treatment,0
110880,paid_search,control,0
105826,paid_search,control,0
102054,referral,control,1
106425,app_store,control,0
106384,paid_search,control,0
103378,referral,treatment,0
106220,referral,treatment,0
108526,organic,control,1
102467,app_store,treatment,1
108455,paid_search,control,1
108610,organic,control,0
104459,organic,treatment,0
109450,app_store,control,0
102822,referral,treatment,0
111702,paid_search,treatment,0
109912,paid_search,treatment,0
112917,referral,treatment,0
101900,referral,control,0
102968,organic,control,0
109656,paid_search,control,0
105385,paid_search,treatment,1
112388,referral,treatment,1
113122,referral,control,1
103292,paid_search,treatment,0
105200,referral,control,0
110391,organic,treatment,0
108738,organic,control,0
109013,referral,control,0
100711,paid_search,treatment,0
103153,app_store,control,0
106625,influencer,control,0
107622,referral,control,0
104489,paid_search,control,0
101501,organic,treatment,1
113861,app_store,treatment,0
103866,organic,treatment,0
102430,referral,treatment,1
104233,organic,control,1
107753,paid_search,control,0
103167,influencer,control,0
111812,paid_search,control,0
102418,app_store,control,0
102615,paid_search,control,1
110798,paid_search,treatment,0
102175,organic,treatment,0
110503,organic,control,0
109187,organic,treatment,0
108323,referral,control,0
104848,paid_search,treatment,1
100532,referral,treatment,0
114000,paid_search,control,0
104064,referral,control,0
110741,app_store,control,0
104291,referral,treatment,1
101755,paid_search,control,1
107789,paid_search,treatment,1
106833,referral,treatment,1
103621,organic,treatment,1
113731,paid_search,treatment,0
103112,paid_search,treatment,0
111514,organic,control,0
111650,paid_search,control,0
111453,organic,treatment,0
102721,referral,treatment,0
110935,referral,treatment,0
111884,paid_search,control,1
103742,app_store,control,0
105391,organic,treatment,0
103608,paid_search,control,0
111607,paid_search,control,0
102957,influencer,treatment,0
108496,organic,control,0
102905,organic,treatment,0
105627,organic,control,0
106239,paid_search,control,0
113897,paid_search,control,0
103119,paid_search,treatment,1
106015,app_store,treatment,0
102821,paid_search,control,0
100699,paid_search,treatment,0
109428,organic,treatment,0
111155,paid_search,control,0
104939,app_store,control,0
108492,organic,treatment,0
110900,referral,control,0
102170,influencer,treatment,1
104580,referral,treatment,0
105031,paid_search,control,0
100290,organic,treatment,0
102232,organic,control,0
102384,influencer,control,1
113577,paid_search,control,0
101046,referral,treatment,0
113725,referral,treatment,1
113767,paid_search,control,0
103016,app_store,treatment,0
100515,organic,treatment,1
102591,organic,treatment,0
111786,referral,control,0
113159,paid_search,control,1
112652,app_store,control,1
109014,app_store,treatment,0
112037,paid_search,treatment,0
113676,organic,treatment,0
112179,paid_search,treatment,1
100256,referral,control,0
111182,organic,treatment,0
110283,app_store,control,0
107278,organic,treatment,0
113292,organic,treatment,1
101056,organic,control,0
105498,app_store,treatment,0
113886,paid_search,control,1
106039,referral,control,0
110500,paid_search,treatment,1
111974,app_store,treatment,0
101391,referral,treatment,0
108170,organic,treatment,0
109579,organic,control,0
109171,organic,treatment,1
104311,referral,control,0
113718,paid_search,control,1
102517,organic,control,0
111172,paid_search,treatment,0
107689,referral,control,0
105112,organic,treatment,1
103032,organic,control,1
104595,app_store,control,0
104650,organic,control,0
101261,organic,control,0
106739,paid_search,control,0
100679,organic,control,0
106871,referral,treatment,0
112829,referral,control,0
103659,paid_search,treatment,0
106628,organic,treatment,0
110217,referral,control,0
107027,referral,control,0
103052,referral,control,0
103266,paid_search,treatment,0
110097,paid_search,control,1
103329,referral,control,0
106837,paid_search,control,1
106719,referral,treatment,1
105551,referral,treatment,0
101813,paid_search,control,0
105085,referral,treatment,0
106723,organic,control,1
112573,organic,control,1
110668,organic,control,0
101259,referral,treatment,0
108197,app_store,treatment,1
103203,organic,treatment,0
104218,organic,treatment,0
101364,referral,control,0
102360,organic,treatment,1
102336,referral,control,0
105089,organic,treatment,0
102550,paid_search,control,0
109553,paid_search,treatment,1
111557,app_store,control,0
113690,paid_search,control,0
102511,referral,treatment,0
109489,organic,control,0
102774,referral,control,0
108743,referral,treatment,0
107591,organic,treatment,1
110993,app_store,control,0
109872,organic,treatment,1
112127,influencer,control,0
104653,organic,treatment,1
103703,paid_search,treatment,0
113629,paid_search,treatment,0
100213,referral,treatment,1
100005,organic,treatment,0
104906,paid_search,control,0
104734,paid_search,treatment,0
112486,app_store,control,0
108310,organic,treatment,0
104829,organic,control,1
106596,app_store,control,0
110566,organic,control,0
106034,app_store,control,0
103178,paid_search,control,1
100387,referral,treatment,0
100486,paid_search,control,0
111113,organic,treatment,0
109506,paid_search,control,0
100148,app_store,control,0
109047,referral,treatment,0
108440,paid_search,control,0
109406,paid_search,control,0
107839,paid_search,treatment,0
101570,paid_search,control,0
109897,referral,treatment,0
110205,organic,treatment,1
106590,referral,control,0
108143,organic,treatment,1
100055,referral,treatment,1
113715,referral,treatment,1
102730,referral,control,1
105761,app_store,control,0
103791,organic,treatment,0
109325,paid_search,treatment,0
105477,organic,treatment,0
113552,app_store,control,0
113858,app_store,treatment,0
109834,paid_search,control,0
103964,paid_search,control,0
102863,referral,treatment,0
110044,referral,treatment,1
113716,paid_search,treatment,0
113864,organic,treatment,0
104680,paid_search,control,0
108620,paid_search,treatment,1
105668,app_store,treatment,0
104401,organic,treatment,0
100655,paid_search,treatment,0
113634,referral,treatment,0
100223,paid_search,control,0
107303,referral,treatment,1
109634,paid_search,treatment,0
104201,paid_search,control,0
106212,paid_search,treatment,0
109825,paid_search,control,0
104435,paid_search,control,0
104214,organic,treatment,0
107862,app_store,treatment,0
112024,app_store,treatment,0
101861,paid_search,treatment,0
112135,paid_search,control,0
100385,app_store,treatment,0
111944,app_store,treatment,0
110800,organic,treatment,0
105054,referral,control,0
105885,paid_search,control,0
112860,referral,control,0
100423,organic,treatment,0
109466,organic,control,1
103024,paid_search,control,0
113243,organic,control,0
107489,paid_search,control,0
105172,referral,treatment,0
106456,paid_search,control,0
106147,paid_search,control,0
103243,organic,treatment,1
105725,paid_search,control,1
104568,paid_search,control,0
107330,organic,treatment,0
113892,paid_search,treatment,0
110538,referral,treatment,0
103326,organic,treatment,0
112004,paid_search,control,0
110814,paid_search,control,0
102564,organic,treatment,1
108622,paid_search,control,0
111210,paid_search,control,0
102218,app_store,treatment,0
107112,organic,treatment,1
111983,organic,treatment,0
110404,referral,control,0
106155,organic,treatment,0
110490,paid_search,control,1
105768,referral,control,0
108302,organic,treatment,0
111865,paid_search,control,0
112803,paid_search,treatment,1
113578,paid_search,control,0
103597,paid_search,control,0
112905,paid_search,treatment,0
110444,referral,control,0
100899,organic,treatment,0
113338,referral,treatment,0
109582,paid_search,control,0
110208,app_store,control,1
100588,referral,control,1
109046,paid_search,control,0
105276,referral,treatment,1
103482,paid_search,treatment,0
108456,app_store,treatment,0
106564,app_store,treatment,0
108841,paid_search,treatment,1
107051,paid_search,treatment,0
107220,paid_search,control,0
103361,app_store,control,0
111501,organic,treatment,0
109439,influencer,treatment,0
108518,organic,treatment,0
108390,app_store,treatment,1
112904,app_store,treatment,0
104342,organic,treatment,0
109166,paid_search,treatment,0
107865,referral,control,0
111394,organic,control,1
104059,organic,treatment,0
100523,paid_search,control,0
111252,paid_search,control,0
104339,app_store,treatment,1
109056,referral,treatment,0
103675,paid_search,control,0
103140,organic,treatment,0
107756,app_store,treatment,0
109043,organic,treatment,1
104006,paid_search,treatment,0
111898,referral,treatment,0
113472,paid_search,control,1
113399,organic,treatment,1
103287,paid_search,treatment,0
101120,organic,control,1
103076,organic,treatment,0
110245,paid_search,control,0
103842,paid_search,treatment,0
103726,influencer,treatment,0
103480,paid_search,control,0
112042,organic,control,1
100216,referral,control,0
111044,paid_search,treatment,0
108466,referral,control,0
102529,app_store,control,0
107246,paid_search,control,0
103353,organic,treatment,1
104512,organic,treatment,0
106177,referral,treatment,0
101875,paid_search,control,1
102324,paid_search,control,0
106896,paid_search,control,0
101671,organic,treatment,0
112131,referral,treatment,0
107621,paid_search,treatment,0
113147,organic,treatment,0
103800,app_store,treatment,0
107973,organic,control,1
109960,referral,treatment,0
113535,paid_search,control,1
107614,organic,treatment,0
104732,influencer,treatment,0
107794,paid_search,control,1
111978,paid_search,control,0
107537,referral,control,0
103220,organic,treatment,0
102714,organic,control,0
107130,referral,treatment,1
102031,organic,treatment,1
107594,referral,control,1
107408,referral,control,0
100493,referral,treatment,0
113059,app_store,control,0
100668,paid_search,control,0
106090,paid_search,treatment,0
104760,referral,treatment,0
113889,organic,control,0
109892,paid_search,treatment,0
102660,organic,treatment,0
107524,paid_search,control,0
102732,app_store,control,0
110901,paid_search,treatment,0
108694,organic,treatment,1
103026,paid_search,control,0
104693,paid_search,treatment,0
113660,referral,control,0
109103,referral,treatment,0
109313,paid_search,treatment,1
109850,paid_search,treatment,0
110985,referral,treatment,0
101058,referral,treatment,0
113519,organic,treatment,0
107296,referral,control,0
109945,organic,control,0
113433,organic,treatment,0
100284,organic,treatment,1
109142,paid_search,control,0
110337,organic,treatment,0
111130,organic,treatment,0
100040,app_store,control,0
107834,app_store,control,0
113369,paid_search,control,0
106622,organic,treatment,0
106422,referral,control,0
101143,organic,control,1
100153,paid_search,control,0
108708,paid_search,control,0
109608,organic,treatment,0
100885,organic,treatment,1
109449,organic,treatment,0
111491,paid_search,treatment,1
112526,influencer,control,0
109133,paid_search,control,1
108554,organic,control,0
113280,app_store,control,0
111612,referral,control,1
103881,organic,control,1
109469,organic,treatment,1
106750,paid_search,control,1
104160,organic,treatment,0
101461,organic,treatment,1
110486,organic,treatment,1
104318,organic,treatment,1
111010,paid_search,control,0
100583,organic,treatment,0
104989,organic,treatment,1
111109,referral,treatment,0
104307,paid_search,control,0
111893,organic,treatment,1
104934,paid_search,control,0
112506,paid_search,treatment,1
110994,organic,treatment,0
107870,app_store,control,0
110213,organic,treatment,0
107494,paid_search,control,0
109126,referral,treatment,1
102924,paid_search,treatment,0
113622,organic,treatment,1
112206,organic,treatment,0
106841,paid_search,control,0
110110,paid_search,control,0
101944,organic,treatment,0
110616,app_store,control,0
107102,paid_search,control,0
100969,organic,treatment,0
100496,paid_search,control,0
109402,organic,treatment,0
104416,organic,treatment,0
105417,paid_search,treatment,0
104657,paid_search,control,0
100206,app_store,treatment,1
110270,organic,control,0
111976,paid_search,control,0
107947,referral,control,0
106562,paid_search,control,0
101635,paid_search,treatment,0
110055,organic,treatment,1
112488,organic,treatment,1
105211,referral,treatment,0
111171,app_store,control,0
104709,organic,treatment,1
102425,organic,control,0
101758,organic,treatment,1
110539,organic,treatment,0
104246,paid_search,control,1
107309,referral,control,0
112445,paid_search,treatment,0
107088,app_store,treatment,0
102135,paid_search,treatment,0
106728,app_store,treatment,0
111476,referral,treatment,1
111284,referral,treatment,0
106019,organic,treatment,1
101356,paid_search,control,0
106496,organic,treatment,0
102429,organic,treatment,0
108925,organic,treatment,0
110549,referral,control,1
105496,referral,control,0
113792,paid_search,control,0
113012,paid_search,control,1
104016,organic,control,0
112954,referral,treatment,0
106117,paid_search,control,0
107892,paid_search,treatment,0
108595,app_store,control,0
100048,app_store,control,0
112723,paid_search,control,0
101763,organic,control,0
105383,organic,treatment,0
100180,referral,treatment,0
109875,paid_search,control,0
101497,paid_search,control,0
113181,paid_search,control,0
110906,paid_search,control,1
105147,organic,treatment,1
106811,paid_search,control,1
112615,referral,control,0
112650,organic,treatment,0
100945,paid_search,control,0
104055,paid_search,control,1
103316,organic,treatment,0
106616,app_store,treatment,0
113691,paid_search,control,0
105163,paid_search,treatment,0
104735,organic,control,0
103753,paid_search,control,0
113746,referral,control,1
108184,referral,treatment,0
104259,organic,treatment,0
113475,referral,treatment,0
103923,paid_search,control,1
102984,organic,treatment,0
103999,referral,control,0
101334,referral,treatment,0
105515,paid_search,control,0
113868,paid_search,control,0
105722,app_store,control,0
106614,referral,treatment,0
105346,referral,treatment,1
107233,referral,control,0
107831,organic,control,1
111150,referral,treatment,0
112800,organic,control,1
109641,organic,control,0
112595,paid_search,treatment,0
113158,organic,treatment,0
112745,app_store,control,0
103627,referral,treatment,0
108232,paid_search,treatment,1
103786,app_store,treatment,1
106040,referral,control,0
107569,organic,treatment,1
108726,organic,control,0
100728,paid_search,control,0
102013,organic,treatment,0
112429,influencer,control,1
110865,paid_search,treatment,0
111743,referral,treatment,0
102424,organic,treatment,0
113262,app_store,treatment,0
111966,organic,control,0
112618,paid_search,treatment,0
106645,paid_search,control,1
112909,organic,treatment,0
103743,paid_search,control,0
103711,paid_search,control,0
100393,paid_search,control,0
104445,paid_search,control,0
101389,referral,treatment,0
102777,app_store,treatment,0
108000,referral,control,0
106613,organic,control,1
103468,paid_search,control,0
101486,referral,treatment,0
106898,influencer,control,0
107726,paid_search,treatment,0
107731,app_store,treatment,0
104073,organic,treatment,1
101773,paid_search,control,0
109992,app_store,control,0
100438,organic,treatment,1
100453,paid_search,control,0
111513,organic,treatment,1
110402,referral,treatment,0
110373,organic,treatment,0
106376,referral,control,0
103252,paid_search,treatment,1
103081,app_store,control,0
104712,paid_search,control,1
109541,app_store,treatment,0
112504,app_store,treatment,0
113827,app_store,treatment,0
108124,organic,treatment,1
110803,paid_search,control,0
109242,organic,control,0
113337,organic,treatment,0
112063,referral,control,0
111940,organic,treatment,0
107835,paid_search,control,0
100696,paid_search,treatment,0
112128,organic,treatment,1
109577,organic,control,0
104835,referral,control,0
109838,organic,treatment,1
102282,organic,treatment,0
102735,app_store,control,0
110466,app_store,treatment,0
102831,paid_search,control,1
108441,paid_search,control,0
100381,paid_search,control,0
108153,referral,treatment,0
105220,influencer,control,0
101095,organic,treatment,1
112596,organic,control,0
104905,app_store,treatment,0
110519,app_store,control,0
101872,organic,treatment,0
107587,paid_search,control,0
105495,paid_search,control,0
104292,organic,treatment,0
106624,organic,treatment,1
101502,organic,treatment,0
111668,referral,control,1
106555,organic,treatment,1
100031,organic,treatment,0
108576,paid_search,control,0
104011,organic,treatment,0
113975,paid_search,treatment,0
104900,paid_search,treatment,0
108300,app_store,treatment,0
106735,referral,control,1
102989,paid_search,control,0
104913,organic,treatment,0
108612,paid_search,treatment,0
107072,referral,control,0
111099,referral,treatment,0
101856,organic,control,1
105779,referral,control,0
113089,organic,treatment,0
100552,organic,treatment,0
108108,referral,treatment,0
107047,paid_search,control,0
111324,referral,treatment,0
113618,organic,control,0
113841,organic,treatment,1
105354,organic,treatment,0
103062,organic,treatment,0
112114,app_store,control,1
100485,paid_search,control,0
106852,referral,treatment,0
101096,paid_search,control,0
107571,app_store,treatment,0
105002,paid_search,treatment,0
104504,referral,control,0
108034,app_store,control,0
111292,referral,treatment,1
101418,paid_search,control,0
107972,organic,treatment,1
113308,paid_search,control,1
113582,referral,treatment,0
110469,referral,treatment,1
103020,paid_search,control,0
106798,paid_search,control,0
108225,paid_search,control,1
101847,paid_search,treatment,1
100188,organic,treatment,0
111960,organic,control,1
111098,paid_search,treatment,0
111537,paid_search,control,0
105672,paid_search,control,0
102879,organic,control,0
113202,organic,treatment,1
102094,paid_search,control,0
107119,referral,control,0
101398,organic,treatment,0
103682,organic,control,1
113637,referral,treatment,0
104098,app_store,treatment,0
113027,paid_search,control,0
112643,paid_search,control,0
104497,organic,control,0
100054,organic,control,0
110905,paid_search,control,0
106514,paid_search,control,0
109167,paid_search,control,0
103607,app_store,treatment,0
104107,app_store,treatment,0
106325,organic,treatment,0
103245,paid_search,treatment,0
101848,app_store,control,1
103769,organic,control,1
109270,paid_search,control,0
111046,paid_search,control,0
113899,referral,treatment,0
104843,paid_search,control,0
100564,referral,treatment,0
102960,paid_search,control,0
105822,paid_search,control,0
102387,app_store,control,0
111637,organic,treatment,0
108129,paid_search,control,0
108342,referral,control,0
101057,paid_search,control,0
103982,organic,treatment,1
108967,paid_search,control,0
109258,paid_search,control,1
104573,paid_search,control,0
111194,paid_search,treatment,0
111943,organic,treatment,0
107737,organic,treatment,0
107543,organic,treatment,0
101178,organic,treatment,0
100246,referral,control,0
100621,app_store,treatment,1
103905,influencer,treatment,0
111665,organic,treatment,1
112343,app_store,control,0
109785,paid_search,control,0
108940,referral,treatment,0
111961,referral,treatment,0
104365,referral,treatment,0
104326,paid_search,control,0
112434,referral,control,0
108565,paid_search,control,0
109856,paid_search,treatment,0
103285,referral,control,0
103133,paid_search,treatment,0
100682,referral,control,0
112681,paid_search,treatment,0
110081,referral,control,0
111998,paid_search,treatment,1
106444,referral,control,0
103688,app_store,control,0
103993,referral,control,0
103946,paid_search,control,0
102568,paid_search,control,0
103028,paid_search,control,0
113344,paid_search,control,0
107147,paid_search,control,0
100778,organic,treatment,1
110526,paid_search,control,0
108335,app_store,control,0
100422,referral,treatment,0
101721,referral,control,0
103172,referral,treatment,1
111540,paid_search,control,0
105649,paid_search,control,0
109476,app_store,treatment,0
112040,organic,treatment,0
103127,app_store,treatment,0
113228,organic,treatment,0
102055,paid_search,control,0
100131,paid_search,treatment,0
106707,referral,control,1
112342,referral,control,0
109381,paid_search,treatment,1
103213,referral,treatment,1
109891,app_store,treatment,0
105099,referral,treatment,0
105341,paid_search,control,0
108538,organic,treatment,0
111379,paid_search,treatment,1
104589,app_store,treatment,0
102747,organic,treatment,1
109234,app_store,treatment,0
100855,paid_search,control,0
101947,paid_search,control,0
113410,referral,treatment,0
100942,app_store,control,0
100802,paid_search,control,1
102474,organic,treatment,0
110615,paid_search,control,0
105610,organic,treatment,0
107402,organic,treatment,0
102349,app_store,control,0
102733,paid_search,treatment,0
112912,paid_search,control,0
107139,paid_search,treatment,0
105805,organic,treatment,1
109447,organic,control,0
102921,app_store,control,0
105656,app_store,control,0
110264,paid_search,control,0
111470,organic,treatment,0
105299,organic,control,0
106753,organic,treatment,0
100957,paid_search,control,0
112386,organic,treatment,0
113291,paid_search,treatment,0
102897,organic,treatment,1
106200,organic,treatment,0
109563,organic,control,0
105548,organic,treatment,0
100906,app_store,control,1
103202,organic,treatment,1
113368,referral,control,0
110259,app_store,treatment,0
113974,paid_search,control,0
106130,organic,control,0
100814,referral,treatment,0
100218,referral,control,0
100462,paid_search,control,0
105523,paid_search,control,0
104460,organic,control,1
102744,referral,treatment,0
109371,organic,control,0
109511,app_store,control,0
100119,organic,treatment,0
107829,app_store,treatment,0
112667,referral,treatment,0
102422,paid_search,treatment,0
113111,paid_search,control,0
108178,referral,control,0
110011,organic,treatment,0
104907,organic,treatment,1
100402,paid_search,control,0
105376,paid_search,control,0
112307,paid_search,treatment,0
100900,paid_search,control,0
101300,referral,control,1
110884,referral,treatment,1
110754,paid_search,control,1
101634,organic,treatment,0
107372,paid_search,control,0
107673,paid_search,treatment,0
109197,paid_search,control,1
113832,organic,treatment,0
112102,paid_search,treatment,0
110621,organic,treatment,1
100647,organic,treatment,0
103235,app_store,control,0
112218,paid_search,control,0
110703,organic,control,0
107106,paid_search,control,0
107363,organic,control,0
103450,organic,treatment,0
105330,paid_search,control,0
111699,organic,treatment,1
108140,organic,treatment,0
110546,referral,treatment,1
108296,paid_search,control,0
109059,paid_search,control,0
110093,paid_search,control,0
109352,paid_search,treatment,0
102328,paid_search,treatment,0
104172,paid_search,control,0
106085,organic,treatment,0
109302,paid_search,control,0
101990,organic,treatment,1
100877,organic,treatment,1
104052,referral,treatment,0
105728,referral,control,0
101374,influencer,control,0
110786,organic,control,0
108901,paid_search,control,0
103318,organic,treatment,0
108386,referral,treatment,0
104766,paid_search,control,0
109970,influencer,control,0
112141,app_store,treatment,0
113968,referral,control,0
110614,app_store,control,0
111162,paid_search,control,1
105294,referral,treatment,0
101363,paid_search,control,0
101911,paid_search,control,0
109031,organic,treatment,0
111519,referral,control,0
105177,referral,control,0
100349,organic,treatment,0
105986,referral,control,0
113082,paid_search,control,1
104725,paid_search,treatment,1
112103,organic,control,0
105623,paid_search,control,0
108639,paid_search,control,0
109597,referral,treatment,0
107856,paid_search,control,0
109341,app_store,control,0
108073,paid_search,control,0
107736,paid_search,control,0
110341,organic,control,0
109983,referral,control,0
109814,organic,treatment,0
108844,app_store,control,0
110975,paid_search,control,0
109972,paid_search,control,0
105699,organic,control,0
107014,organic,treatment,0
109357,referral,treatment,0
108935,paid_search,treatment,0
108783,referral,control,1
112941,referral,treatment,1
100874,organic,treatment,1
112399,referral,control,0
101288,paid_search,control,0
111103,app_store,treatment,0
113417,organic,treatment,0
109702,paid_search,control,1
105400,referral,control,0
100103,app_store,control,0
107068,app_store,treatment,0
110706,paid_search,treatment,0
110845,organic,treatment,1
109261,referral,control,0
101592,organic,treatment,0
102361,organic,control,0
111398,paid_search,control,0
102676,influencer,control,1
110761,paid_search,treatment,0
105143,referral,treatment,0
104280,referral,control,1
105558,referral,treatment,0
101229,paid_search,control,0
113738,paid_search,control,0
101127,referral,control,0
102285,referral,treatment,0
106052,referral,control,0
104062,organic,control,0
100952,organic,treatment,0
108255,app_store,control,0
112428,organic,control,1
107716,paid_search,treatment,0
101388,paid_search,control,0
108097,paid_search,control,0
101555,app_store,treatment,0
101131,paid_search,treatment,0
105357,referral,treatment,0
105891,app_store,control,0
111692,app_store,treatment,0
102499,paid_search,control,0
101886,paid_search,control,0
105589,referral,control,1
109121,paid_search,control,0
106855,organic,treatment,0
107366,organic,treatment,1
100675,organic,control,0
104147,paid_search,control,1
109842,paid_search,treatment,0
109438,paid_search,control,0
113935,paid_search,control,0
100388,referral,treatment,0
112150,organic,treatment,1
102521,referral,control,0
104215,paid_search,treatment,0
105129,organic,treatment,0
113254,organic,control,0
111721,organic,control,1
101474,paid_search,control,0
109181,app_store,control,0
103458,paid_search,treatment,0
100703,paid_search,control,0
102727,paid_search,treatment,0
112983,referral,control,0
109981,organic,control,0
108605,referral,treatment,1
100461,paid_search,control,1
103531,paid_search,control,0
105290,paid_search,treatment,0
108074,paid_search,control,0
110266,app_store,control,0
105642,organic,control,0
102668,organic,treatment,1
109882,paid_search,control,1
106238,paid_search,control,1
105741,app_store,control,0
109385,app_store,treatment,1
111012,organic,treatment,0
108401,app_store,treatment,0
112525,paid_search,treatment,0
109974,paid_search,control,0
113294,referral,treatment,1
104411,paid_search,control,0
111588,referral,control,1
103091,paid_search,control,0
111133,paid_search,control,0
113630,paid_search,control,0
112144,app_store,control,0
100790,organic,treatment,0
108656,paid_search,control,1
109572,paid_search,control,1
107367,paid_search,control,0
111241,paid_search,control,0
107371,organic,control,1
110892,influencer,treatment,1
112466,referral,treatment,1
104666,organic,treatment,0
106671,paid_search,control,0
109642,referral,control,0
108366,referral,control,0
110649,app_store,control,0
113379,referral,control,0
110564,paid_search,control,0
106377,paid_search,treatment,0
103530,referral,treatment,1
101082,paid_search,control,0
103583,paid_search,treatment,0
106670,app_store,treatment,0
102287,paid_search,control,0
106801,app_store,control,0
104198,paid_search,treatment,0
105411,organic,control,0
111473,referral,treatment,1
101441,influencer,control,1
106003,organic,treatment,0
102283,referral,treatment,1
112619,organic,control,0
107469,organic,control,1
113237,referral,control,0
113250,referral,control,0
104317,app_store,treatment,0
105646,paid_search,control,0
105670,referral,control,0
106457,referral,treatment,0
101573,organic,treatment,1
105260,paid_search,control,0
102597,organic,treatment,0
102227,referral,control,0
105894,paid_search,control,1
112794,app_store,treatment,0
104525,paid_search,treatment,0
111979,organic,treatment,0
101912,paid_search,control,0
108071,organic,treatment,0
112818,paid_search,control,0
107146,paid_search,treatment,0
102572,referral,treatment,0
110012,referral,treatment,0
109464,organic,treatment,1
100684,organic,treatment,0
102366,organic,control,1
103184,organic,treatment,0
103815,organic,treatment,1
104315,organic,control,0
107328,referral,control,0
100010,organic,treatment,0
100162,organic,treatment,0
107258,referral,control,0
109805,organic,control,0
111985,organic,control,1
104551,paid_search,treatment,0
101207,paid_search,control,0
106489,paid_search,control,0
113953,organic,treatment,0
106741,paid_search,control,0
100925,referral,control,0
101922,paid_search,control,0
100771,paid_search,control,0
113797,paid_search,control,0
107250,paid_search,treatment,0
102297,app_store,treatment,1
105308,organic,treatment,1
113644,organic,treatment,0
113659,paid_search,treatment,0
107107,referral,treatment,1
107492,organic,control,0
104283,referral,control,1
110483,referral,treatment,0
113850,organic,treatment,0
105201,app_store,control,0
103984,organic,treatment,0
107589,paid_search,control,0
107631,app_store,treatment,0
112521,organic,treatment,0
110255,referral,control,0
106248,app_store,treatment,0
111038,organic,treatment,0
109225,paid_search,treatment,0
108722,organic,treatment,0
110817,paid_search,control,1
111383,paid_search,control,0
113806,influencer,treatment,0
101307,referral,control,0
103783,organic,treatment,0
111521,paid_search,control,0
105472,paid_search,treatment,1
113893,organic,control,1
109599,organic,treatment,0
107385,organic,control,1
102893,paid_search,control,0
113335,app_store,control,0
103429,organic,treatment,0
107001,paid_search,treatment,0
103830,organic,control,0
101483,organic,treatment,1
108229,paid_search,treatment,0
108249,paid_search,control,0
101225,app_store,control,0
103300,paid_search,control,0
105413,organic,treatment,0
103107,referral,control,0
113505,referral,control,0
100685,referral,control,0
110324,paid_search,treatment,0
102190,paid_search,treatment,0
104178,organic,treatment,0
108452,organic,treatment,0
108580,paid_search,treatment,0
108555,organic,control,1
101270,influencer,control,0
103567,paid_search,control,0
112664,organic,control,0
110086,referral,control,0
101125,app_store,treatment,0
108929,organic,treatment,0
101790,paid_search,treatment,0
105769,organic,treatment,0
101434,referral,treatment,0
103251,referral,treatment,0
104794,referral,control,0
108755,organic,treatment,1
103565,organic,treatment,1
105544,app_store,treatment,0
107732,organic,treatment,0
111738,paid_search,control,0
106891,app_store,treatment,0
102937,referral,control,0
113440,organic,treatment,0
110396,app_store,treatment,0
110809,paid_search,treatment,0
100392,referral,treatment,1
105950,paid_search,control,0
105057,paid_search,treatment,0
107519,paid_search,control,0
112542,app_store,treatment,0
105016,referral,treatment,0
105596,app_store,control,1
113186,paid_search,treatment,0
108818,organic,control,0
108326,paid_search,treatment,0
112258,paid_search,control,1
101969,referral,control,0
113566,organic,treatment,0
112361,paid_search,control,0
108887,paid_search,control,0
100507,organic,treatment,1
102126,app_store,treatment,0
105758,app_store,control,0
113450,referral,control,0
112198,paid_search,treatment,0
109861,app_store,treatment,1
100416,paid_search,control,0
100021,paid_search,control,0
109787,app_store,control,0
101087,organic,control,0
111529,referral,treatment,1
112601,organic,treatment,1
102679,organic,treatment,0
104206,paid_search,control,0
110976,organic,treatment,0
103882,app_store,control,0
107507,paid_search,control,0
112956,organic,treatment,0
112638,app_store,treatment,0
106681,organic,control,1
110913,referral,control,0
111816,paid_search,control,0
101612,paid_search,treatment,0
112508,organic,control,1
108046,paid_search,control,0
113982,app_store,control,0
113646,organic,treatment,0
113549,paid_search,control,0
106716,app_store,control,0
105339,referral,treatment,0
103931,organic,treatment,0
109822,app_store,treatment,0
105619,referral,treatment,0
104022,organic,control,0
113641,paid_search,treatment,0
104232,referral,control,0
111402,organic,treatment,0
103613,paid_search,control,1
107759,referral,control,0
111293,paid_search,treatment,0
113435,organic,control,0
108568,organic,treatment,0
101772,paid_search,treatment,0
106089,paid_search,control,0
110054,paid_search,treatment,1
111516,organic,treatment,1
104254,paid_search,treatment,0
103550,paid_search,control,0
107094,paid_search,control,0
113056,app_store,treatment,0
108762,app_store,treatment,0
111392,paid_search,treatment,0
100365,paid_search,treatment,1
110826,app_store,treatment,0
100730,paid_search,control,0
105538,referral,control,0
112081,paid_search,control,0
108457,paid_search,control,0
113684,referral,treatment,1
109284,paid_search,control,0
104464,organic,control,0
110915,paid_search,treatment,1
106166,referral,treatment,0
105218,organic,treatment,0
103312,organic,treatment,0
110666,organic,treatment,1
101345,organic,control,1
112408,organic,treatment,0
106732,referral,treatment,0
112404,referral,control,0
100542,referral,treatment,0
113208,organic,control,1
103657,referral,control,0
113648,organic,treatment,1
107522,referral,control,0
101684,paid_search,control,0
100382,organic,treatment,1
109206,paid_search,control,1
108768,paid_search,control,0
107672,paid_search,control,1
100512,referral,control,0
112522,app_store,control,0
103144,app_store,control,0
104896,organic,treatment,0
104878,organic,treatment,0
104775,referral,treatment,0
106772,organic,treatment,1
113941,paid_search,control,1
102926,paid_search,control,1
105058,organic,control,1
113286,referral,treatment,1
110164,referral,treatment,1
111706,paid_search,control,0
100902,referral,treatment,1
109650,app_store,control,0
110962,referral,control,0
105333,referral,treatment,0
100460,referral,control,0
104851,referral,treatment,0
111140,app_store,treatment,0
106231,paid_search,control,0
111532,paid_search,control,0
109794,referral,control,1
109957,organic,treatment,1
107485,organic,treatment,0
101512,paid_search,treatment,0
107965,organic,treatment,1
112609,paid_search,treatment,0
102563,paid_search,control,0
112644,paid_search,control,0
101464,paid_search,treatment,1
106717,organic,treatment,1
113972,organic,treatment,0
101242,organic,treatment,0
112982,organic,control,0
100135,influencer,treatment,1
104598,paid_search,control,1
111291,paid_search,treatment,0
106637,organic,treatment,1
102346,paid_search,treatment,0
111475,organic,control,0
110524,paid_search,treatment,1
102355,organic,treatment,0
102435,paid_search,control,0
113074,referral,control,0
101740,paid_search,treatment,0
113117,referral,treatment,1
100267,paid_search,control,1
111442,referral,treatment,0
113378,referral,control,1
105302,referral,control,1
102534,app_store,treatment,0
110229,organic,treatment,0
111614,organic,treatment,1
111416,referral,treatment,0
101539,organic,treatment,1
107436,paid_search,treatment,0
109565,paid_search,control,1
100767,referral,control,1
109513,referral,control,1
108882,referral,control,0
112581,organic,treatment,1
113865,paid_search,treatment,0
110338,organic,treatment,0
100729,organic,treatment,0
101171,organic,treatment,0
107582,organic,control,0
110482,organic,control,0
108902,paid_search,control,0
107615,paid_search,treatment,0
113226,referral,control,0
111344,organic,treatment,1
104505,paid_search,treatment,0
107261,app_store,control,0
110258,organic,treatment,1
109157,organic,treatment,1
110563,influencer,treatment,1
102296,paid_search,control,1
108938,organic,control,1
113491,paid_search,control,0
103904,paid_search,control,1
108261,app_store,control,0
104841,organic,control,1
102839,referral,control,0
106063,organic,treatment,0
110371,organic,treatment,0
101377,influencer,treatment,0
101602,organic,control,1
100193,organic,treatment,0
111007,referral,control,1
106656,app_store,treatment,0
102375,organic,control,0
105345,paid_search,treatment,0
105776,paid_search,control,0
106112,organic,control,0
100071,app_store,control,0
101711,referral,control,1
108257,paid_search,control,0
101831,paid_search,control,1
101035,organic,treatment,0
103003,app_store,control,1
103535,organic,treatment,0
107360,organic,treatment,0
100434,organic,treatment,0
108068,referral,treatment,0
111834,organic,treatment,0
111200,organic,treatment,0
105312,app_store,treatment,0
106490,organic,treatment,1
109202,referral,treatment,0
105961,influencer,treatment,0
107099,organic,treatment,1
111079,referral,control,0
108169,organic,treatment,0
102293,referral,control,0
113489,app_store,control,0
112550,paid_search,control,0
105069,organic,treatment,0
106924,organic,control,0
103606,paid_search,control,0
102449,organic,control,0
100674,referral,control,0
106683,referral,control,0
104474,paid_search,control,0
100759,paid_search,control,0
100751,paid_search,control,0
110228,paid_search,control,0
109098,organic,control,0
107070,organic,treatment,0
111494,app_store,treatment,1
103674,paid_search,control,0
112286,organic,treatment,1
112016,referral,control,1
111639,referral,control,0
105954,paid_search,control,0
109714,paid_search,treatment,0
102690,organic,treatment,1
108370,organic,treatment,0
104524,organic,treatment,1
106240,app_store,control,0
103614,referral,treatment,0
113403,paid_search,control,1
107555,paid_search,control,0
112699,organic,treatment,0
113293,paid_search,control,0
113011,paid_search,control,0
108934,organic,treatment,1
100804,app_store,treatment,0
105145,referral,treatment,1
107298,referral,treatment,1
100451,referral,treatment,1
106427,organic,control,0
110481,paid_search,control,0
106929,organic,treatment,0
100613,organic,treatment,1
110243,app_store,treatment,0
113001,paid_search,control,0
109076,paid_search,control,1
100547,paid_search,control,0
111362,paid_search,treatment,1
100241,paid_search,treatment,0
112695,organic,treatment,0
100937,organic,control,0
109531,organic,treatment,0
104075,paid_search,treatment,0
108030,app_store,control,0
104480,paid_search,treatment,0
102040,referral,treatment,0
107715,organic,treatment,1
110186,referral,control,0
110898,organic,treatment,1
110831,organic,treatment,0
112145,organic,treatment,0
113903,organic,treatment,1
105441,referral,control,0
106785,app_store,treatment,0
100446,referral,treatment,0
101791,app_store,control,0
104122,paid_search,treatment,0
101738,organic,treatment,0
109288,referral,control,1
100672,app_store,treatment,0
106668,referral,control,1
104204,organic,treatment,0
111611,referral,treatment,0
101892,app_store,control,0
105241,paid_search,control,0
104949,referral,treatment,0
104542,app_store,control,0
107613,paid_search,control,0
101998,organic,control,0
107178,organic,treatment,1
111348,referral,treatment,0
113737,organic,treatment,0
107488,referral,treatment,0
108314,paid_search,treatment,1
100447,paid_search,treatment,0
107969,paid_search,control,0
108247,app_store,treatment,0
104991,organic,control,0
111286,organic,control,0
102949,referral,treatment,0
109568,organic,treatment,1
102265,paid_search,control,0
111919,organic,treatment,0
100478,organic,treatment,0
113234,referral,control,0
106884,organic,treatment,0
100530,organic,control,1
108004,paid_search,control,0
104763,organic,treatment,0
108644,referral,treatment,0
103382,paid_search,control,0
108684,organic,control,0
111285,organic,treatment,1
111452,app_store,control,0
104894,referral,treatment,0
101266,organic,control,0
105747,app_store,control,0
113825,paid_search,treatment,0
100666,app_store,control,0
104340,app_store,treatment,0
108055,referral,treatment,1
113876,referral,treatment,0
111993,paid_search,control,0
110461,paid_search,control,0
111254,referral,control,0
105315,app_store,control,0
109356,influencer,treatment,0
104857,paid_search,treatment,0
108500,paid_search,control,0
100014,paid_search,control,0
108861,app_store,control,0
112310,referral,control,1
104148,paid_search,treatment,0
109906,organic,treatment,0
107319,organic,treatment,0
110657,organic,treatment,0
111428,organic,control,1
108751,paid_search,control,0
108529,paid_search,control,1
113847,paid_search,treatment,0
109257,paid_search,treatment,0
101709,paid_search,control,1
103439,paid_search,treatment,0
109514,organic,treatment,0
101907,app_store,control,0
102776,paid_search,control,0
107361,referral,treatment,0
106902,paid_search,treatment,0
103754,paid_search,treatment,0
103018,referral,treatment,0
108327,referral,treatment,0
113727,paid_search,control,0
106532,referral,treatment,0
103031,organic,control,0
103327,referral,control,0
103720,paid_search,treatment,0
106132,referral,treatment,0
102656,paid_search,control,0
108777,paid_search,control,0
102453,app_store,control,0
109929,organic,control,1
112034,organic,control,0
103563,referral,control,0
111648,organic,control,1
105317,app_store,treatment,0
105101,organic,treatment,1
113673,organic,treatment,0
105937,organic,treatment,1
112878,paid_search,control,0
108075,paid_search,control,0
109000,paid_search,treatment,0
104707,paid_search,treatment,1
112742,organic,control,0
109152,paid_search,treatment,0
111708,referral,treatment,0
102928,organic,treatment,1
106876,paid_search,control,0
108380,organic,treatment,0
104530,paid_search,treatment,1
107279,referral,treatment,0
107269,organic,treatment,0
107384,paid_search,treatment,0
104648,organic,treatment,1
112484,organic,treatment,1
109106,organic,treatment,1
107509,referral,control,0
109886,paid_search,control,1
107995,app_store,treatment,0
108559,app_store,control,0
100341,referral,control,0
108873,paid_search,control,0
104024,referral,control,0
101100,referral,treatment,0
110246,paid_search,control,0
110525,app_store,treatment,0
100313,paid_search,control,0
103749,paid_search,treatment,0
103758,influencer,treatment,0
104453,paid_search,control,0
108094,paid_search,control,0
100052,paid_search,control,0
109386,organic,control,1
110930,app_store,control,0
100786,organic,control,1
110504,organic,treatment,0
107663,organic,treatment,1
100039,organic,treatment,0
103992,paid_search,treatment,0
106644,app_store,treatment,0
113909,organic,control,0
105500,app_store,control,0
106293,paid_search,treatment,0
113468,referral,treatment,1
108721,paid_search,control,1
100285,organic,control,0
100997,app_store,control,0
113098,paid_search,treatment,0
112112,organic,control,1
102133,paid_search,control,0
107530,app_store,treatment,0
102658,app_store,control,0
109232,organic,treatment,0
105219,organic,control,0
113448,paid_search,control,0
105604,organic,control,0
104642,referral,control,0
109724,paid_search,treatment,0
103237,paid_search,control,0
108787,paid_search,control,0
111499,paid_search,control,0
102400,organic,treatment,0
112109,paid_search,control,0
109252,app_store,treatment,0
107142,paid_search,control,0
102688,paid_search,treatment,0
104774,paid_search,treatment,0
111658,organic,control,1
100327,organic,treatment,0
109754,organic,control,1
106761,paid_search,treatment,0
108002,referral,treatment,1
101818,organic,treatment,1
109586,paid_search,treatment,0
107124,paid_search,control,1
108856,app_store,control,1
102898,paid_search,control,0
104904,referral,control,1
107945,referral,control,0
100917,organic,control,1
107744,paid_search,treatment,0
103789,organic,control,1
112505,referral,treatment,0
108715,paid_search,treatment,0
102985,paid_search,control,0
110689,organic,control,0
111131,organic,control,1
110334,app_store,control,0
101167,paid_search,treatment,0
111871,organic,treatment,0
112957,organic,treatment,0
113248,organic,treatment,0
102779,referral,treatment,1
104880,organic,control,0
104643,organic,treatment,0
104691,paid_search,control,0
112846,paid_search,control,0
106672,app_store,control,0
113626,referral,treatment,0
105162,organic,treatment,0
110978,paid_search,treatment,0
103224,app_store,control,0
107640,organic,treatment,0
108865,organic,treatment,0
112095,paid_search,control,0
113952,organic,treatment,1
111390,referral,control,0
105733,organic,treatment,0
111017,paid_search,control,1
111855,paid_search,treatment,0
101189,organic,treatment,0
113611,organic,control,0
108268,paid_search,treatment,0
111805,paid_search,control,0
103954,paid_search,control,0
101516,app_store,control,0
100758,paid_search,treatment,0
107320,organic,treatment,1
106396,paid_search,treatment,1
101708,paid_search,control,0
106276,organic,treatment,0
101339,paid_search,control,0
106565,organic,control,0
110632,organic,control,0
108769,app_store,treatment,1
107799,app_store,control,1
110749,app_store,treatment,0
112936,app_store,control,0
104528,app_store,control,0
112953,referral,treatment,0
111216,paid_search,control,0
103479,organic,treatment,0
109934,referral,control,0
109321,organic,treatment,0
107538,referral,treatment,0
101055,paid_search,control,1
113668,referral,control,0
111633,paid_search,control,0
104477,paid_search,treatment,1
109976,referral,control,0
103045,paid_search,control,0
107462,app_store,treatment,1
110607,organic,control,1
107919,referral,treatment,0
106162,paid_search,control,1
113296,referral,control,0
112371,paid_search,control,0
102234,app_store,control,0
109015,referral,control,1
110642,organic,treatment,0
107460,paid_search,control,0
109245,organic,treatment,0
103864,organic,treatment,1
100178,organic,treatment,1
106196,paid_search,treatment,0
106963,app_store,control,0
105380,paid_search,control,0
109501,referral,control,0
104798,organic,control,1
105403,organic,control,0
113813,paid_search,control,1
112279,paid_search,control,0
107718,referral,treatment,0
113570,referral,treatment,1
106755,app_store,treatment,1
105198,app_store,control,0
100181,app_store,treatment,0
112985,organic,treatment,0
102015,paid_search,treatment,0
111431,paid_search,control,0
110567,organic,treatment,0
107677,referral,treatment,1
108879,referral,treatment,0
102466,organic,treatment,0
110321,referral,control,0
102783,referral,treatment,0
113065,paid_search,control,1
113402,paid_search,treatment,0
106135,paid_search,control,0
105811,paid_search,control,1
101012,organic,treatment,1
109230,organic,control,0
105100,app_store,control,0
110758,organic,control,0
108741,paid_search,control,0
102681,paid_search,treatment,0
110502,paid_search,control,0
104658,organic,control,0
105545,referral,control,1
105694,organic,treatment,1
104827,organic,control,0
104179,referral,treatment,0
113586,influencer,control,0
111575,paid_search,control,0
101133,app_store,treatment,1
111031,paid_search,control,0
111203,paid_search,treatment,0
108343,referral,control,0
111987,paid_search,control,0
103363,referral,control,1
106608,app_store,control,0
104936,organic,treatment,0
112633,paid_search,control,0
107274,app_store,control,0
107317,paid_search,control,0
111406,organic,control,0
112469,organic,treatment,1
108577,referral,control,0
110925,referral,control,0
105225,organic,treatment,1
100084,paid_search,control,0
112641,app_store,control,0
102155,app_store,control,0
101992,referral,control,0
102110,organic,treatment,0
101893,organic,treatment,0
103835,paid_search,control,0
101995,organic,treatment,0
105692,paid_search,treatment,0
103262,app_store,control,0
103778,paid_search,control,0
109692,organic,control,1
106428,paid_search,control,0
105573,paid_search,treatment,0
102749,app_store,control,0
108352,organic,treatment,1
111887,paid_search,control,0
111089,paid_search,treatment,0
105452,referral,treatment,0
110678,organic,treatment,0
102080,paid_search,control,0
102393,paid_search,treatment,0
112817,organic,treatment,1
108077,paid_search,control,0
111686,referral,treatment,1
100132,organic,treatment,1
104186,paid_search,control,0
104942,paid_search,treatment,0
101547,organic,control,0
103174,organic,treatment,0
109175,app_store,control,0
101365,organic,treatment,0
107778,paid_search,control,0
105133,organic,control,1
110174,paid_search,control,0
112973,referral,control,0
102224,paid_search,treatment,0
100742,organic,treatment,0
111754,organic,control,1
107905,referral,control,1
108604,app_store,treatment,0
110917,organic,treatment,1
110277,referral,treatment,1
109391,organic,treatment,0
102271,referral,control,0
112481,paid_search,control,1
105531,app_store,treatment,0
106995,paid_search,control,0
108905,organic,treatment,0
100982,organic,control,1
106912,paid_search,control,0
106993,organic,control,0
110177,paid_search,control,1
110624,referral,treatment,0
100041,paid_search,treatment,1
111188,app_store,control,0
113914,paid_search,control,1
103516,organic,treatment,0
100649,referral,control,1
110860,organic,control,1
112788,paid_search,control,0
106480,app_store,treatment,1
107065,referral,control,1
100457,referral,control,1
112180,influencer,control,0
113247,paid_search,control,0
102685,paid_search,control,0
102918,paid_search,treatment,1
102326,organic,control,1
111999,app_store,control,0
106306,referral,control,0
112107,paid_search,treatment,1
100441,organic,treatment,1
106153,paid_search,treatment,0
108288,paid_search,control,0
100099,app_store,treatment,1
103360,app_store,treatment,0
108843,paid_search,control,0
103735,referral,control,0
113455,paid_search,treatment,1
113036,organic,control,0
109913,app_store,treatment,0
104304,paid_search,control,0
111224,referral,control,0
105905,paid_search,control,0
108798,paid_search,control,1
101442,paid_search,control,1
102417,app_store,treatment,1
108585,organic,control,1
100890,app_store,control,0
100744,paid_search,treatment,0
107227,referral,control,0
111371,app_store,treatment,1
103481,organic,treatment,1
103017,paid_search,treatment,0
105554,paid_search,treatment,0
103485,paid_search,control,0
105578,organic,treatment,0
112394,organic,control,0
103054,organic,treatment,1
112873,paid_search,treatment,0
108864,paid_search,control,0
107364,organic,treatment,1
112866,referral,treatment,0
100194,referral,treatment,0
111851,paid_search,treatment,0
103115,app_store,control,0
105205,app_store,treatment,0
104249,app_store,treatment,1
107636,paid_search,treatment,0
108206,paid_search,control,0
104499,paid_search,treatment,1
110092,paid_search,treatment,0
108862,paid_search,control,0
111451,app_store,control,0
108267,paid_search,control,0
105186,paid_search,control,0
110301,referral,control,0
107040,organic,treatment,1
106922,organic,treatment,0
110165,referral,control,0
109360,paid_search,treatment,0
101655,paid_search,treatment,1
103505,referral,control,0
105204,paid_search,treatment,0
113958,paid_search,control,0
100352,paid_search,control,0
101228,app_store,control,1
107223,paid_search,control,0
109991,paid_search,control,1
106655,referral,control,1
111018,paid_search,control,0
105371,referral,treatment,0
108083,paid_search,control,0
110528,organic,control,0
111905,paid_search,control,0
104655,referral,control,0
108534,app_store,treatment,1
113859,referral,treatment,0
102902,paid_search,treatment,0
101750,app_store,control,0
113721,organic,control,0
104004,app_store,treatment,0
103130,app_store,control,0
104491,organic,treatment,1
110250,paid_search,treatment,0
107295,app_store,treatment,1
113857,organic,treatment,0
110458,paid_search,control,0
104193,organic,treatment,0
105550,organic,control,0
102001,app_store,treatment,0
112854,paid_search,control,0
110638,referral,treatment,1
107339,referral,control,0
102956,organic,control,0
111757,organic,treatment,0
100408,referral,treatment,0
101041,organic,treatment,1
100083,app_store,control,0
110954,paid_search,treatment,0
110645,referral,control,0
108691,organic,treatment,1
100096,paid_search,control,0
112136,paid_search,treatment,0
106693,referral,treatment,0
112442,paid_search,control,1
104231,organic,treatment,1
109370,referral,control,0
111253,referral,control,0
103595,paid_search,treatment,0
108336,app_store,treatment,0
110221,referral,control,1
109105,paid_search,control,1
112008,organic,treatment,0
104165,paid_search,control,0
100585,app_store,control,0
109746,app_store,treatment,0
109801,organic,treatment,0
100688,app_store,control,1
111553,referral,treatment,0
113138,paid_search,treatment,0
100597,referral,control,1
110911,organic,treatment,0
108836,paid_search,treatment,1
109359,paid_search,control,0
106782,organic,control,0
101660,paid_search,control,0
102005,referral,treatment,1
106972,organic,treatment,0
113699,paid_search,control,0
104466,app_store,control,0
113281,organic,treatment,0
102504,referral,control,0
106729,referral,treatment,0
107761,organic,treatment,1
101603,paid_search,treatment,0
100951,referral,control,0
101767,referral,control,1
100410,paid_search,control,0
106312,organic,control,1
110144,organic,treatment,0
111861,referral,treatment,1
104838,referral,control,0
107081,organic,control,1
102202,organic,treatment,0
109859,organic,treatment,0
100896,paid_search,treatment,0
112658,organic,treatment,1
103770,paid_search,control,0
107720,organic,control,1
110009,referral,control,1
110531,influencer,control,0
104343,paid_search,treatment,0
102251,paid_search,control,0
112792,app_store,treatment,1
103612,organic,treatment,1
100950,organic,treatment,0
100250,paid_search,control,0
102070,organic,treatment,0
107422,paid_search,control,0
106850,paid_search,control,0
110024,app_store,control,1
113207,paid_search,control,0
107300,referral,control,0
104885,paid_search,control,0
102629,paid_search,control,0
108458,paid_search,control,1
110304,paid_search,treatment,0
106769,organic,control,1
113255,paid_search,control,1
105433,organic,treatment,1
109228,app_store,control,0
100140,paid_search,control,0
112246,paid_search,treatment,0
103633,paid_search,control,0
103601,referral,treatment,0
105935,paid_search,control,0
107952,paid_search,control,0
104241,paid_search,treatment,0
109304,organic,control,0
110454,organic,treatment,0
101618,referral,control,0
102380,referral,control,0
104817,referral,control,0
105705,referral,treatment,0
107523,organic,treatment,0
105967,organic,control,0
111276,app_store,treatment,0
113836,paid_search,control,1
104933,paid_search,control,0
107841,organic,treatment,0
107734,referral,treatment,0
107584,paid_search,control,0
101128,organic,treatment,1
110553,paid_search,control,0
103219,referral,control,0
113096,organic,control,1
106621,referral,control,1
106715,organic,treatment,0
105305,referral,treatment,0
110757,organic,control,0
110210,organic,treatment,0
108488,app_store,treatment,0
105035,referral,control,0
103268,paid_search,treatment,0
103471,paid_search,control,1
106664,paid_search,treatment,1
104005,paid_search,control,1
102482,app_store,control,0
104296,paid_search,control,1
109068,organic,treatment,0
102696,organic,treatment,0
105418,referral,treatment,0
106368,paid_search,control,0
101475,paid_search,treatment,0
110096,paid_search,control,0
106451,organic,treatment,1
105561,organic,control,0
105130,organic,treatment,0
106509,app_store,control,1
105056,organic,control,1
112215,organic,control,1
102114,paid_search,control,0
110029,paid_search,control,0
103466,influencer,control,0
107810,app_store,control,0
106957,app_store,treatment,0
106191,organic,control,0
111096,app_store,treatment,0
108281,app_store,treatment,0
102646,paid_search,treatment,0
106708,organic,control,1
110534,organic,treatment,0
101878,organic,treatment,0
111914,paid_search,treatment,0
106695,referral,control,1
107886,paid_search,control,0
112942,app_store,treatment,0
104294,referral,control,1
107568,paid_search,treatment,0
101964,organic,control,0
103225,referral,treatment,0
104203,referral,control,0
110748,paid_search,treatment,0
108961,paid_search,control,0
102874,paid_search,treatment,0
104715,paid_search,control,0
113275,paid_search,treatment,0
103913,organic,treatment,0
112132,paid_search,control,0
113559,paid_search,control,0
108980,referral,control,0
104995,app_store,treatment,0
109719,organic,treatment,1
106932,paid_search,treatment,1
104252,app_store,treatment,0
101001,paid_search,control,1
100406,referral,treatment,0
100062,organic,control,1
105271,referral,control,0
105171,organic,treatment,1
102964,organic,treatment,1
103764,paid_search,control,0
102718,app_store,control,0
111955,paid_search,control,0
101931,paid_search,control,0
103707,app_store,control,0
112213,paid_search,control,0
103250,paid_search,control,0
110188,paid_search,control,0
109053,organic,control,0
100841,paid_search,treatment,0
111179,organic,treatment,0
102236,referral,control,0
109984,paid_search,control,0
103872,referral,treatment,1
106700,paid_search,control,0
103295,organic,treatment,0
111945,organic,treatment,1
103912,app_store,treatment,0
101079,app_store,treatment,0
103259,organic,treatment,0
106013,app_store,control,0
101073,organic,treatment,1
109759,paid_search,treatment,1
108463,paid_search,control,0
104058,organic,treatment,1
109319,referral,control,1
105378,paid_search,treatment,0
104986,paid_search,control,1
106002,paid_search,control,0
103572,app_store,control,0
104797,paid_search,control,0
112648,referral,control,0
108764,paid_search,control,0
105567,organic,treatment,1
105858,referral,treatment,0
102290,paid_search,control,0
101621,referral,control,0
101946,referral,control,0
108406,organic,treatment,0
107564,referral,treatment,0
113729,app_store,control,0
110171,paid_search,control,1
102119,paid_search,control,0
107203,organic,treatment,1
107071,organic,control,0
111214,paid_search,control,1
110510,referral,treatment,1
112754,paid_search,treatment,0
103994,organic,treatment,1
111720,paid_search,treatment,0
110294,referral,treatment,0
110237,organic,treatment,0
105348,organic,control,1
106251,app_store,treatment,0
106538,paid_search,control,0
105864,paid_search,treatment,0
110924,referral,control,0
104060,organic,treatment,0
109777,app_store,control,0
107443,organic,treatment,1
109160,influencer,treatment,0
101883,paid_search,control,0
100511,organic,treatment,0
109544,paid_search,control,0
105088,app_store,treatment,1
108547,paid_search,control,0
101258,app_store,control,0
103547,organic,control,0
107857,referral,treatment,1
112202,organic,treatment,0
113870,paid_search,treatment,1
112528,organic,treatment,0
110972,app_store,treatment,0
113414,referral,control,0
102867,paid_search,control,0
104976,app_store,control,0
103716,organic,control,1
104946,referral,control,0
100984,paid_search,treatment,0
103067,referral,control,0
103525,organic,treatment,0
109199,referral,treatment,1
108870,paid_search,treatment,0
111772,paid_search,control,1
106627,referral,treatment,0
101203,app_store,control,0
105871,referral,control,1
101479,organic,control,0
100581,organic,treatment,0
101265,referral,treatment,0
107670,paid_search,control,0
110968,influencer,treatment,0
107698,organic,control,0
109932,organic,treatment,1
112839,organic,treatment,0
103444,organic,treatment,1
101397,organic,treatment,0
105121,organic,treatment,0
102649,organic,treatment,1
102102,paid_search,treatment,0
110363,referral,control,0
110194,paid_search,control,0
112665,organic,treatment,0
103145,paid_search,treatment,0
102495,paid_search,control,0
109977,paid_search,control,0
110209,organic,treatment,0
101343,organic,treatment,1
113340,organic,treatment,0
107784,paid_search,treatment,0
108498,organic,treatment,1
101273,referral,control,1
108828,app_store,control,0
109323,referral,control,1
102811,organic,control,1
110200,organic,control,0
106727,app_store,control,0
109536,referral,treatment,0
106816,referral,control,0
112592,paid_search,control,1
111424,paid_search,treatment,0
113873,referral,treatment,0
109393,organic,control,0
111758,organic,treatment,0
106926,organic,control,1
108814,paid_search,control,0
101492,organic,treatment,1
111023,paid_search,treatment,1
108645,organic,treatment,0
106838,organic,control,0
111667,referral,treatment,1
105753,referral,control,0
105115,organic,treatment,0
108510,paid_search,treatment,1
112483,app_store,treatment,0
108115,referral,control,1
113146,paid_search,treatment,1
100931,app_store,treatment,0
105410,app_store,treatment,0
111896,app_store,treatment,0
103914,organic,control,1
100990,organic,treatment,1
113326,organic,treatment,0
104116,organic,treatment,0
100837,organic,treatment,0
112736,referral,treatment,1
108305,paid_search,control,0
108632,app_store,control,0
104783,paid_search,control,0
100165,paid_search,treatment,0
101920,referral,control,1
110013,referral,control,0
110598,organic,treatment,0
101914,referral,control,1
105904,referral,treatment,1
105506,referral,treatment,0
112994,influencer,control,0
104407,paid_search,control,0
111341,paid_search,control,1
109250,referral,treatment,0
108641,organic,treatment,0
100139,referral,control,1
100491,app_store,control,1
102886,referral,treatment,0
108330,referral,control,0
108745,paid_search,control,0
101387,referral,control,0
109061,organic,treatment,0
101022,paid_search,control,0
102079,organic,treatment,0
106702,organic,treatment,1
106097,app_store,control,0
106639,app_store,treatment,0
110839,referral,control,0
108252,paid_search,control,0
100027,paid_search,control,0
100301,referral,control,0
103852,app_store,control,0
101705,referral,control,0
104377,app_store,treatment,1
110057,organic,control,0
108663,organic,treatment,1
111201,influencer,treatment,0
100360,paid_search,treatment,0
101958,paid_search,treatment,0
108955,referral,control,0
113201,paid_search,control,0
100509,referral,treatment,0
105076,organic,treatment,0
102216,organic,treatment,0
112450,organic,treatment,0
100792,paid_search,control,0
110535,referral,treatment,0
102523,influencer,control,1
109614,paid_search,treatment,1
110102,organic,treatment,0
102851,referral,control,0
113310,organic,control,1
106301,paid_search,control,0
101514,paid_search,control,0
106488,paid_search,control,0
107324,organic,treatment,0
108404,app_store,control,0
107245,paid_search,treatment,0
106087,referral,treatment,0
101870,referral,treatment,1
113391,referral,treatment,0
102909,referral,control,1
112500,organic,control,1
108581,paid_search,control,0
106133,paid_search,treatment,1
110996,referral,control,0
113236,paid_search,control,0
108201,referral,control,1
110950,paid_search,treatment,0
101275,paid_search,treatment,0
113028,app_store,control,0
104408,organic,treatment,0
111048,organic,treatment,0
111487,referral,control,0
109509,paid_search,control,0
100994,app_store,treatment,0
104121,organic,treatment,1
102925,paid_search,control,0
110215,referral,control,1
107619,paid_search,control,0
107050,paid_search,treatment,0
105648,app_store,treatment,0
106934,organic,treatment,1
106906,paid_search,control,0
104809,paid_search,treatment,0
106233,organic,treatment,1
109180,paid_search,control,0
100146,paid_search,control,0
105082,paid_search,control,0
102538,organic,treatment,0
110064,paid_search,treatment,0
100579,app_store,control,0
106253,organic,control,0
107035,referral,treatment,0
105603,paid_search,treatment,1
105778,paid_search,control,0
112625,paid_search,treatment,0
100128,paid_search,control,0
112032,referral,treatment,0
102812,organic,control,1
107192,paid_search,control,0
106781,organic,control,1
106383,paid_search,control,0
111257,paid_search,treatment,1
111990,referral,control,0
101538,organic,treatment,0
100504,paid_search,control,0
103561,organic,control,0
107678,app_store,control,0
112756,organic,treatment,1
100196,paid_search,control,0
102850,paid_search,control,0
113978,paid_search,treatment,0
103068,app_store,control,0
102307,organic,control,0
102638,app_store,treatment,0
111512,referral,treatment,1
111716,referral,control,0
104393,referral,treatment,0
111741,referral,treatment,0
109194,paid_search,control,0
103370,paid_search,control,0
102870,paid_search,control,0
103602,referral,control,0
104152,organic,treatment,0
100894,referral,treatment,0
106501,paid_search,treatment,0
108891,app_store,treatment,1
103388,organic,treatment,1
113905,organic,treatment,1
103604,organic,treatment,1
111536,referral,treatment,0
108354,paid_search,control,0
100282,paid_search,control,0
103816,organic,treatment,1
109610,organic,control,0
113304,paid_search,control,0
100111,organic,treatment,0
111432,organic,control,0
108569,paid_search,control,0
106714,paid_search,treatment,0
101716,paid_search,control,0
106429,referral,control,1
104379,referral,treatment,0
104056,paid_search,control,0
104034,organic,treatment,0
103836,paid_search,control,0
112052,referral,treatment,1
108331,organic,control,0
105122,organic,control,1
102866,organic,treatment,1
108816,referral,control,0
108991,paid_search,control,0
111011,organic,control,1
112632,app_store,treatment,0
103171,organic,treatment,1
107634,paid_search,control,0
106414,referral,control,0
103215,app_store,treatment,0
104356,influencer,control,0
109503,app_store,control,0
104572,app_store,control,0
104739,organic,treatment,0
109179,paid_search,control,0
110497,paid_search,treatment,0
112867,referral,treatment,0
107712,organic,treatment,1
107536,paid_search,control,0
105203,organic,control,1
104279,paid_search,control,1
103151,organic,treatment,1
112929,app_store,control,0
102062,organic,control,0
112270,paid_search,control,0
100185,organic,treatment,0
104076,paid_search,control,0
108186,app_store,treatment,0
105737,paid_search,control,0
113963,app_store,treatment,0
110858,organic,treatment,0
109566,referral,treatment,0
107917,referral,treatment,0
112344,organic,control,0
105823,paid_search,control,0
107264,paid_search,control,0
103187,paid_search,control,0
104649,organic,treatment,0
110629,paid_search,control,0
101896,organic,treatment,0
108858,paid_search,control,0
111124,referral,treatment,1
101853,paid_search,treatment,0
104873,organic,control,0
111020,organic,treatment,0
101882,referral,treatment,0
100905,organic,treatment,1
102377,app_store,treatment,0
103093,paid_search,treatment,0
103588,organic,treatment,0
109033,organic,treatment,1
112682,referral,treatment,0
108709,paid_search,treatment,0
112447,paid_search,control,0
103407,app_store,treatment,0
105319,paid_search,control,0
111464,organic,treatment,1
104602,app_store,control,0
107801,app_store,treatment,0
110656,organic,control,0
108686,referral,treatment,0
113542,referral,control,0
105275,paid_search,control,0
101580,referral,control,0
100454,paid_search,control,0
109435,paid_search,control,0
101222,influencer,treatment,0
105373,paid_search,treatment,0
113219,organic,control,0
103477,paid_search,treatment,0
105828,organic,treatment,1
102512,paid_search,control,0
101172,app_store,control,0
102723,paid_search,treatment,0
113385,paid_search,treatment,0
101534,app_store,treatment,0
102225,organic,treatment,0
104352,referral,treatment,0
101525,paid_search,control,0
101186,paid_search,treatment,0
104968,organic,treatment,0
102306,organic,treatment,0
113125,organic,treatment,1
107235,referral,control,0
105525,referral,treatment,1
108617,paid_search,control,0
102026,organic,control,1
107180,organic,control,0
104892,app_store,control,0
101427,organic,treatment,1
106710,referral,control,0
105593,organic,treatment,1
113980,organic,treatment,1
102443,referral,control,1
100017,paid_search,control,0
112634,app_store,treatment,0
107170,organic,treatment,0
108802,referral,control,0
113144,organic,treatment,0
102859,organic,treatment,0
113445,organic,control,0
102315,referral,treatment,0
109185,paid_search,treatment,0
100432,paid_search,control,0
105060,organic,control,1
109732,paid_search,control,1
107975,organic,treatment,1
101402,referral,treatment,1
102888,app_store,treatment,0
101611,paid_search,control,0
112092,organic,treatment,1
107531,app_store,treatment,0
104957,paid_search,control,0
104427,paid_search,treatment,0
113316,referral,treatment,1
107869,referral,control,0
101027,app_store,control,0
106329,paid_search,control,0
100986,paid_search,control,0
101982,paid_search,control,0
101033,organic,treatment,1
103043,referral,control,0
100312,referral,control,0
102579,paid_search,control,0
110232,organic,treatment,0
108964,organic,treatment,0
107964,paid_search,treatment,0
111846,referral,control,0
106211,referral,control,0
107637,paid_search,treatment,1
104325,referral,control,0
108735,app_store,treatment,0
103282,app_store,treatment,0
103774,referral,control,0
103625,paid_search,treatment,0
108545,paid_search,control,0
107495,influencer,treatment,0
109155,organic,treatment,0
112405,paid_search,control,0
107054,organic,control,1
109623,organic,control,0
112159,app_store,treatment,0
101939,paid_search,treatment,0
107420,organic,treatment,0
109316,paid_search,treatment,0
112281,paid_search,treatment,0
111267,paid_search,control,0
112965,paid_search,control,0
104069,app_store,control,0
110787,paid_search,control,0
112377,organic,control,1
102682,app_store,control,0
103064,paid_search,treatment,0
102671,organic,treatment,0
108714,paid_search,control,0
101515,paid_search,treatment,0
100627,paid_search,control,0
107930,organic,control,1
101061,influencer,control,0
104065,paid_search,control,0
109294,organic,treatment,0
103855,organic,control,0
101404,referral,control,1
107887,organic,control,1
110153,referral,control,0
112543,paid_search,treatment,0
104620,organic,treatment,0
109539,app_store,control,0
102414,paid_search,treatment,0
100866,paid_search,control,0
113943,organic,treatment,0
107370,app_store,treatment,0
104046,paid_search,control,0
108881,referral,control,0
105272,paid_search,control,0
110146,referral,control,0
105755,paid_search,treatment,0
101107,referral,treatment,0
106575,paid_search,control,1
100595,organic,treatment,0
110644,referral,treatment,0
107129,paid_search,treatment,0
104228,organic,control,1
100600,referral,control,0
113253,organic,treatment,0
112061,organic,treatment,0
108750,organic,control,0
111094,organic,control,0
102332,app_store,control,0
106794,paid_search,treatment,0
113757,app_store,control,0
108250,referral,control,0
102352,organic,treatment,0
101147,organic,treatment,0
111817,organic,treatment,0
102652,referral,control,0
111696,paid_search,treatment,0
101797,referral,treatment,0
102288,organic,treatment,1
107204,organic,treatment,0
113667,app_store,control,1
106598,paid_search,control,0
111246,app_store,treatment,0
113917,influencer,control,0
107925,paid_search,control,0
108241,referral,control,0
100295,app_store,treatment,1
109149,paid_search,treatment,0
102192,app_store,treatment,0
112324,paid_search,control,1
113714,paid_search,control,1
113811,paid_search,treatment,0
107229,referral,treatment,0
112156,organic,treatment,1
111653,organic,control,0
112901,organic,treatment,0
105268,paid_search,control,1
108417,organic,treatment,0
104088,organic,control,1
108351,organic,control,0
105592,organic,control,0
110766,organic,treatment,0
113750,organic,treatment,1
110388,referral,control,0
102911,organic,treatment,1
104980,paid_search,control,0
112465,referral,control,0
106594,referral,control,1
111243,referral,treatment,0
109880,paid_search,control,0
113040,paid_search,treatment,0
107528,paid_search,control,0
107159,paid_search,treatment,0
102593,paid_search,control,0
109231,paid_search,control,0
100187,organic,treatment,0
111481,app_store,control,0
100318,referral,treatment,0
106047,referral,treatment,1
111766,organic,treatment,0
101438,organic,treatment,0
102250,app_store,treatment,0
110184,paid_search,control,0
105890,paid_search,control,0
107131,organic,control,0
102719,referral,treatment,1
113041,paid_search,treatment,0
101556,referral,control,1
112964,app_store,control,0
110988,app_store,treatment,0
104212,organic,treatment,1
102076,referral,control,0
111802,referral,treatment,0
108295,paid_search,control,1
111258,organic,treatment,0
109550,paid_search,control,0
107812,organic,control,1
103346,referral,treatment,0
100004,app_store,control,0
109035,organic,treatment,1
112353,paid_search,treatment,0
105916,referral,control,0
102433,paid_search,treatment,0
113869,app_store,treatment,0
110781,organic,treatment,1
109836,paid_search,treatment,0
111636,organic,control,1
111544,organic,control,0
101039,organic,control,0
105981,referral,treatment,0
101003,organic,treatment,0
100633,referral,treatment,0
102922,referral,control,0
113465,organic,treatment,0
113843,referral,treatment,1
102014,app_store,control,1
111128,paid_search,control,1
103228,paid_search,control,1
101448,paid_search,control,1
110026,app_store,treatment,0
108716,influencer,treatment,0
105049,app_store,treatment,1
108695,organic,treatment,0
112210,organic,treatment,0
108019,organic,treatment,1
111389,referral,control,1
102003,paid_search,treatment,0
101333,paid_search,treatment,0
108282,organic,treatment,0
108509,paid_search,control,0
106982,organic,control,0
101351,organic,control,0
101954,organic,treatment,0
108130,paid_search,control,0
109016,referral,treatment,0
104569,referral,control,1
101431,referral,treatment,0
106535,referral,treatment,0
105541,organic,treatment,0
103191,referral,control,0
102745,app_store,control,0
107056,paid_search,control,0
103989,app_store,control,0
107620,organic,control,0
106107,app_store,treatment,1
107008,referral,treatment,0
109540,app_store,treatment,0
103622,organic,control,1
105744,paid_search,control,0
104314,app_store,control,0
106199,organic,treatment,0
113046,paid_search,control,0
110943,organic,treatment,1
110974,referral,treatment,0
103596,paid_search,treatment,0
107012,paid_search,control,0
102065,referral,treatment,0
103672,paid_search,treatment,0
100651,referral,control,1
102489,paid_search,control,0
107690,organic,treatment,0
106342,referral,control,0
109227,paid_search,control,0
101582,organic,control,0
111502,organic,treatment,1
110106,paid_search,control,0
107165,organic,control,0
103782,app_store,treatment,0
110128,referral,control,0
106394,paid_search,control,0
102899,paid_search,control,0
104456,referral,control,0
109690,referral,treatment,0
101961,organic,control,1
101028,paid_search,control,0
113830,organic,treatment,0
111272,referral,control,0
102205,organic,control,1
111386,paid_search,control,0
100420,referral,treatment,1
107842,paid_search,treatment,0
104277,organic,treatment,0
104185,organic,treatment,0
107463,paid_search,control,0
109512,referral,treatment,0
107432,paid_search,treatment,0
112330,paid_search,treatment,0
107840,paid_search,control,0
100978,referral,treatment,0
104883,referral,control,0
110261,app_store,treatment,1
100371,app_store,control,0
110751,app_store,treatment,0
112035,paid_search,control,0
103570,paid_search,control,0
108948,organic,treatment,0
101183,app_store,treatment,0
112188,referral,control,0
107468,paid_search,control,0
108260,paid_search,control,0
109082,paid_search,control,0
105647,paid_search,control,0
106282,organic,treatment,0
109188,referral,control,1
109380,organic,treatment,0
105368,referral,treatment,0
113071,paid_search,control,0
108796,app_store,control,0
101071,paid_search,treatment,0
105652,referral,treatment,0
110942,referral,control,1
112303,referral,control,0
107073,paid_search,control,0
113478,organic,treatment,1
102770,paid_search,control,0
100207,app_store,treatment,0
100503,referral,treatment,1
104853,organic,control,0
107609,paid_search,control,0
106148,paid_search,control,0
111334,app_store,treatment,0
113849,organic,treatment,1
106339,referral,control,0
104628,referral,control,0
102087,referral,treatment,0
112933,paid_search,treatment,0
100556,organic,treatment,0
106126,referral,treatment,0
107916,referral,treatment,0
111756,organic,control,0
110747,referral,treatment,0
103891,organic,treatment,0
105466,referral,control,0
106409,organic,treatment,0
101537,paid_search,control,0
112999,paid_search,treatment,1
113781,paid_search,treatment,0
100988,organic,treatment,1
110945,paid_search,control,0
105059,app_store,treatment,0
109275,app_store,treatment,0
106419,paid_search,treatment,0
101976,organic,treatment,1
106161,referral,treatment,0
105283,app_store,treatment,0
100626,organic,treatment,1
100544,paid_search,control,0
111508,paid_search,treatment,0
103718,organic,treatment,0
112925,referral,control,0
112055,paid_search,treatment,0
108222,paid_search,control,0
101565,paid_search,control,0
112826,referral,treatment,1
105638,app_store,treatment,1
112520,paid_search,control,0
105212,referral,control,0
111457,referral,treatment,0
105216,organic,control,0
107544,influencer,control,1
102270,organic,treatment,0
101869,referral,treatment,0
112548,paid_search,control,0
100713,paid_search,control,0
103071,referral,treatment,1
112253,paid_search,control,0
110431,app_store,treatment,1
102789,organic,treatment,0
108468,app_store,control,0
103274,organic,control,0
108562,paid_search,treatment,0
111157,organic,control,0
106880,organic,treatment,0
103435,referral,control,0
109498,organic,treatment,0
101604,paid_search,treatment,0
104366,organic,treatment,0
103945,app_store,control,0
103534,app_store,treatment,0
110389,app_store,treatment,0
109743,organic,treatment,0
106917,organic,treatment,1
113016,referral,control,0
112169,paid_search,control,1
107344,influencer,control,0
113710,referral,control,0
106808,referral,treatment,1
103862,organic,control,0
106829,referral,control,0
100173,organic,control,0
105620,paid_search,control,0
112753,referral,control,0
104962,referral,control,0
112639,organic,control,1
112577,paid_search,control,0
101140,referral,treatment,1
101752,referral,control,0
102559,paid_search,treatment,0
100612,paid_search,control,0
101760,organic,treatment,0
101550,paid_search,control,0
107199,app_store,treatment,1
101209,referral,control,0
113447,paid_search,treatment,0
105236,paid_search,control,0
112697,paid_search,treatment,0
106914,app_store,treatment,0
101238,referral,control,1
106612,app_store,treatment,0
103041,paid_search,control,0
108484,referral,treatment,1
103469,paid_search,control,1
109353,organic,treatment,0
103642,organic,control,0
108050,paid_search,control,1
112970,paid_search,control,0
103201,referral,control,0
104661,paid_search,control,1
103757,organic,treatment,0
111056,referral,treatment,0
111869,paid_search,treatment,0
112890,organic,treatment,1
112869,organic,control,0
106466,referral,treatment,1
110983,organic,control,0
100440,organic,treatment,1
108064,app_store,control,0
107281,app_store,treatment,1
100665,referral,control,0
101425,organic,treatment,0
110408,organic,treatment,0
109792,referral,control,0
103690,organic,treatment,0
112732,app_store,control,0
101115,organic,treatment,0
103610,paid_search,control,1
112087,paid_search,control,0
106413,paid_search,control,0
101006,organic,treatment,0
100474,referral,treatment,0
111634,app_store,control,0
109621,organic,treatment,1
111640,organic,control,0
104803,paid_search,control,0
108956,organic,treatment,1
107445,app_store,treatment,0
112928,organic,control,0
113428,organic,treatment,0
112045,organic,treatment,0
103803,paid_search,control,1
108151,paid_search,control,0
105892,referral,control,0
100985,paid_search,treatment,0
106776,referral,treatment,1
104521,referral,control,0
108564,organic,treatment,1
113724,organic,treatment,0
107456,app_store,treatment,0
105285,organic,treatment,1
100947,paid_search,control,0
112223,paid_search,control,1
104579,referral,control,0
112832,app_store,treatment,0
113658,organic,treatment,0
103537,organic,treatment,1
109395,referral,control,0
101458,referral,control,0
105824,referral,treatment,0
100252,organic,control,0
107222,paid_search,treatment,0
109667,paid_search,treatment,0
100333,app_store,treatment,1
112647,organic,treatment,1
105442,paid_search,control,0
104128,referral,treatment,0
112471,organic,control,0
105834,referral,treatment,0
100060,paid_search,control,0
109949,paid_search,control,0
103582,influencer,treatment,0
104322,paid_search,control,0
101508,organic,control,0
112497,referral,control,0
101652,app_store,control,0
110609,paid_search,control,1
108099,organic,control,0
112969,referral,treatment,1
102691,organic,treatment,0
102196,organic,treatment,0
102664,organic,treatment,1
105160,referral,treatment,0
106713,organic,control,1
102699,referral,control,0
103708,paid_search,treatment,0
107723,referral,control,0
108671,organic,treatment,1
104537,paid_search,control,0
111836,paid_search,control,0
112059,paid_search,treatment,0
113366,paid_search,control,0
103182,organic,treatment,1
108292,paid_search,control,0
112021,organic,treatment,0
105590,app_store,control,0
111237,paid_search,control,0
108105,paid_search,control,0
109691,paid_search,control,0
103618,organic,control,1
111698,app_store,treatment,0
112204,organic,treatment,0
107649,referral,treatment,1
100351,organic,treatment,0
112626,referral,treatment,0
110197,referral,control,0
104202,paid_search,control,0
107934,referral,treatment,0
102359,referral,treatment,1
112297,organic,treatment,0
107302,organic,treatment,0
109564,paid_search,treatment,0
100443,organic,treatment,1
107541,organic,treatment,1
106268,referral,control,0
106375,referral,control,1
107514,paid_search,treatment,1
108642,app_store,control,0
104667,organic,control,1
111877,organic,treatment,0
113492,referral,control,0
105677,app_store,control,1
113141,organic,treatment,0
105923,paid_search,control,0
100654,app_store,control,0
102613,organic,control,0
101223,paid_search,control,0
106243,organic,treatment,0
107342,organic,control,1
104688,app_store,control,0
112889,paid_search,treatment,0
112352,referral,treatment,0
112208,referral,control,0
109555,paid_search,control,0
104812,paid_search,control,0
108065,organic,control,0
105148,referral,control,0
105952,app_store,control,0
104779,referral,treatment,0
102030,organic,treatment,0
109574,referral,treatment,0
111931,paid_search,control,0
111142,referral,control,0
111748,referral,treatment,0
102634,organic,treatment,0
110462,organic,treatment,1
105226,referral,control,1
102465,referral,control,1
105158,paid_search,treatment,1
103084,app_store,control,0
112532,paid_search,control,0
108493,paid_search,treatment,0
106930,organic,treatment,1
109384,paid_search,control,0
100770,app_store,treatment,0
105144,paid_search,control,0
102686,paid_search,treatment,0
109445,organic,treatment,0
110427,paid_search,control,0
113173,organic,treatment,1
109055,paid_search,control,0
108163,referral,control,0
102235,organic,control,0
105674,organic,treatment,0
112147,paid_search,control,0
109032,organic,control,1
109867,organic,control,0
108420,referral,control,0
103087,organic,treatment,1
103497,app_store,treatment,0
105367,paid_search,control,0
103987,organic,treatment,0
103166,paid_search,treatment,0
109300,paid_search,control,0
103936,app_store,treatment,0
108773,organic,control,0
104028,organic,treatment,0
110576,organic,treatment,0
102748,organic,control,0
104762,organic,treatment,0
105215,paid_search,control,0
101715,paid_search,control,0
106593,paid_search,control,0
103459,organic,treatment,0
108898,organic,treatment,0
100748,organic,control,1
107962,referral,control,1
103907,paid_search,control,0
106577,organic,treatment,1
102970,app_store,treatment,0
106297,organic,control,0
104685,paid_search,control,0
110340,referral,treatment,0
107642,organic,control,0
108949,app_store,treatment,0
104240,organic,treatment,1
113704,app_store,control,0
110387,paid_search,treatment,0
105265,app_store,treatment,0
102178,app_store,control,1
109083,organic,control,1
105900,paid_search,treatment,0
108561,paid_search,treatment,0
101839,app_store,control,0
113300,app_store,control,0
113051,organic,control,1
113733,referral,treatment,1
111465,paid_search,control,0
103693,organic,treatment,1
113526,paid_search,treatment,0
111775,referral,control,0
105020,referral,control,0
105084,paid_search,control,1
106026,paid_search,control,0
107648,paid_search,treatment,0
111058,paid_search,control,0
112721,referral,control,1
107249,referral,control,0
109429,paid_search,control,0
111209,organic,control,1
104119,organic,control,0
101118,paid_search,control,0
100394,organic,treatment,0
101642,paid_search,control,0
108338,organic,control,1
102447,referral,treatment,0
104669,paid_search,control,0
102608,paid_search,control,0
108724,paid_search,control,0
112137,referral,treatment,0
113607,organic,treatment,0
103555,paid_search,control,0
112265,paid_search,treatment,0
101263,app_store,treatment,0
113507,referral,control,0
112124,organic,treatment,1
100471,app_store,treatment,0
105584,paid_search,control,0
104067,organic,treatment,1
112111,paid_search,treatment,0
109871,organic,control,1
108355,organic,treatment,1
106909,organic,control,0
102156,referral,treatment,1
106541,app_store,control,1
101311,organic,treatment,0
109143,paid_search,treatment,0
102773,paid_search,treatment,0
113969,app_store,treatment,0
112709,referral,treatment,0
102729,organic,control,1
106345,referral,control,0
105073,app_store,control,0
106724,paid_search,control,0
113795,paid_search,control,0
108754,paid_search,control,0
106219,paid_search,control,1
111903,app_store,treatment,0
113045,paid_search,treatment,0
111916,organic,treatment,1
110386,organic,treatment,0
103324,organic,treatment,0
112020,app_store,treatment,1
109748,paid_search,control,0
105468,referral,treatment,0
111195,app_store,treatment,0
105012,referral,control,0
104699,paid_search,treatment,1
103911,referral,control,0
105087,organic,control,1
101702,app_store,treatment,1
113100,organic,treatment,1
101536,referral,treatment,0
110285,organic,treatment,0
106694,organic,treatment,0
105202,paid_search,treatment,0
112747,paid_search,control,0
101190,paid_search,control,1
112815,referral,treatment,0
100741,referral,treatment,0
100130,paid_search,control,0
106336,organic,control,1
103355,organic,treatment,0
104868,organic,treatment,0
101410,referral,control,0
103095,paid_search,control,1
102725,referral,treatment,0
108376,influencer,treatment,1
109833,organic,treatment,1
100046,paid_search,control,0
103767,app_store,treatment,0
102041,influencer,control,0
112872,referral,control,0
109368,referral,control,1
102068,organic,treatment,0
111417,paid_search,treatment,0
102868,organic,control,0
110857,paid_search,treatment,0
112053,paid_search,control,0
105471,app_store,control,0
109040,app_store,treatment,0
108307,app_store,control,0
106987,organic,treatment,1
105478,paid_search,control,0
106976,paid_search,treatment,0
113020,organic,treatment,0
112298,paid_search,control,1
105942,referral,treatment,0
103158,paid_search,control,1
112235,paid_search,control,0
104937,paid_search,control,0
103423,organic,control,0
113657,organic,treatment,0
104956,organic,control,0
109561,organic,control,0
102197,organic,treatment,1
101850,referral,treatment,0
110568,app_store,treatment,1
104911,organic,control,0
100337,paid_search,control,0
105552,paid_search,control,0
101283,referral,control,1
104412,organic,treatment,0
112360,paid_search,control,0
111245,referral,treatment,0
111715,paid_search,control,1
106081,organic,treatment,1
113846,referral,treatment,0
104030,paid_search,treatment,0
106911,organic,treatment,1
106973,organic,control,0
102562,organic,treatment,1
101052,paid_search,control,0
110854,organic,treatment,0
110090,influencer,treatment,0
104882,paid_search,treatment,1
111097,organic,treatment,1
113097,organic,treatment,0
100189,organic,treatment,1
108474,referral,control,0
107196,referral,control,0
106619,paid_search,treatment,0
104842,app_store,control,0
113452,organic,treatment,0
113925,organic,treatment,1
102639,paid_search,control,0
105528,organic,control,0
104757,paid_search,treatment,1
110279,organic,treatment,0
100736,referral,treatment,0
103099,organic,treatment,1
112896,app_store,treatment,0
110719,influencer,treatment,0
111704,paid_search,treatment,0
110007,referral,treatment,0
110785,app_store,treatment,0
109334,referral,control,0
105887,paid_search,control,0
102159,referral,treatment,0
108471,paid_search,treatment,0
102617,app_store,treatment,1
113284,paid_search,control,0
105585,paid_search,treatment,0
100861,referral,treatment,0
107809,paid_search,control,0
108910,paid_search,control,0
108597,app_store,treatment,0
110296,app_store,control,0
109581,organic,treatment,1
106008,paid_search,control,0
107944,referral,treatment,0
112316,app_store,treatment,0
110362,organic,control,1
104243,paid_search,control,1
102341,referral,control,1
110445,paid_search,control,0
103859,paid_search,control,0
100424,app_store,treatment,0
100428,paid_search,control,0
103257,paid_search,treatment,0
113593,organic,treatment,0
113377,organic,treatment,0
100204,organic,treatment,0
111135,paid_search,treatment,1
104713,paid_search,treatment,0
110316,app_store,treatment,0
102766,app_store,treatment,0
104125,referral,control,0
104469,organic,control,0
112793,paid_search,treatment,0
112731,organic,treatment,0
107579,paid_search,control,0
107452,organic,treatment,0
104790,referral,control,1
112717,paid_search,control,0
100827,organic,treatment,0
103632,referral,treatment,0
106545,app_store,control,0
100319,influencer,control,0
107618,app_store,control,0
110180,referral,treatment,0
107368,paid_search,control,0
104101,referral,control,0
103474,referral,control,0
107334,paid_search,treatment,0
101216,referral,treatment,1
100752,organic,control,1
108152,organic,treatment,0
101735,organic,treatment,0
110896,paid_search,control,0
109479,paid_search,control,0
100635,paid_search,control,0
112420,paid_search,control,0
112322,paid_search,control,0
100272,app_store,treatment,0
113349,paid_search,control,0
113109,organic,treatment,1
101558,organic,treatment,1
101353,organic,treatment,0
110702,organic,control,1
113481,organic,control,1
103116,paid_search,control,1
101043,paid_search,treatment,0
105875,paid_search,control,0
108346,organic,treatment,0
110268,paid_search,control,0
111975,referral,treatment,0
101956,app_store,control,0
102037,paid_search,treatment,0
110442,referral,treatment,0
112734,paid_search,treatment,1
107721,organic,treatment,0
110125,app_store,control,0
102046,paid_search,control,0
111606,referral,control,0
102439,referral,control,1
103689,app_store,control,0
102007,paid_search,control,0
105071,paid_search,control,0
106810,app_store,control,0
101812,organic,control,1
111996,organic,treatment,0
101648,referral,treatment,1
101977,paid_search,control,0
108111,referral,treatment,1
112155,referral,treatment,0
103338,referral,treatment,1
106310,referral,control,0
104726,paid_search,treatment,1
113991,paid_search,control,0
113289,paid_search,control,0
113479,app_store,control,0
107185,organic,treatment,1
108713,organic,treatment,0
103443,referral,treatment,0
103356,referral,treatment,0
107135,referral,treatment,0
109434,referral,treatment,0
103357,paid_search,control,0
113565,paid_search,control,1
104818,paid_search,treatment,0
106853,app_store,control,0
101776,paid_search,control,0
111830,paid_search,control,0
104268,paid_search,treatment,0
107075,referral,treatment,0
103399,app_store,control,1
105010,paid_search,control,0
112266,referral,treatment,1
104836,paid_search,control,0
105616,organic,treatment,1
110654,paid_search,treatment,0
104826,referral,treatment,0
107603,app_store,control,0
110643,paid_search,control,0
105018,organic,treatment,0
105065,paid_search,control,0
112859,app_store,control,0
113741,organic,treatment,1
104563,paid_search,control,0
106142,organic,control,0
100934,organic,treatment,1
112968,referral,control,0
109297,app_store,control,0
108134,paid_search,control,0
106058,referral,treatment,0
102011,paid_search,treatment,1
110069,paid_search,control,0
104538,paid_search,treatment,0
108693,paid_search,treatment,1
112687,referral,treatment,0
108164,referral,control,0
105191,referral,treatment,0
113921,organic,treatment,1
107325,paid_search,treatment,0
111008,paid_search,control,0
101615,referral,treatment,0
102526,organic,treatment,1
109946,referral,treatment,1
100427,referral,treatment,0
107173,app_store,control,0
112317,organic,control,0
101704,referral,control,0
103635,referral,control,0
113734,organic,treatment,0
110799,app_store,control,0
110100,app_store,treatment,0
102164,organic,treatment,0
103291,referral,control,0
101327,referral,control,0
112175,paid_search,control,0
105695,referral,treatment,1
108666,paid_search,treatment,0
112314,referral,treatment,0
100464,paid_search,control,0
107080,paid_search,control,0
102312,organic,control,0
113430,paid_search,control,0
104549,paid_search,control,0
108157,organic,treatment,0
107466,organic,treatment,1
107003,referral,treatment,0
110840,paid_search,control,1
108618,app_store,treatment,0
110437,paid_search,treatment,0
109738,paid_search,control,0
109879,paid_search,control,1
110847,referral,control,1
105457,organic,treatment,0
104130,paid_search,control,0
108058,organic,treatment,0
107508,app_store,control,0
102677,referral,control,0
108675,paid_search,control,0
103239,referral,control,0
109519,organic,treatment,0
102713,paid_search,control,0
103336,paid_search,control,0
113851,app_store,treatment,0
109128,organic,treatment,0
105920,organic,control,1
113133,organic,treatment,1
102973,organic,treatment,1
105405,organic,control,0
109173,referral,control,0
110295,referral,control,0
108811,paid_search,control,0
111776,referral,treatment,0
104376,paid_search,treatment,1
107454,paid_search,control,0
105491,paid_search,control,0
102121,referral,treatment,0
108012,paid_search,control,0
106516,paid_search,control,0
113194,organic,treatment,0
100399,paid_search,treatment,0
101985,organic,treatment,0
109075,paid_search,control,0
107550,app_store,treatment,0
108244,organic,control,1
113080,paid_search,control,0
111187,referral,treatment,1
102963,paid_search,control,0
109688,referral,control,0
110909,referral,treatment,0
100136,paid_search,treatment,0
105349,organic,treatment,1
111821,app_store,treatment,0
110411,paid_search,treatment,0
100231,app_store,control,0
102742,paid_search,control,1
110675,referral,treatment,0
111223,organic,treatment,0
113034,referral,treatment,1
106893,paid_search,control,0
109935,referral,control,0
104335,referral,control,0
100745,referral,control,1
109244,referral,treatment,0
101919,paid_search,control,0
102938,paid_search,treatment,0
110440,organic,treatment,0
101948,paid_search,treatment,0
112561,referral,control,0
108176,organic,treatment,0
105195,organic,treatment,0
110212,referral,control,0
102016,app_store,control,0
102856,paid_search,control,0
113501,referral,control,0
109729,paid_search,control,0
105397,paid_search,control,1
100965,paid_search,treatment,0
110247,paid_search,treatment,0
100828,paid_search,control,1
106939,referral,control,0
105102,influencer,treatment,0
106458,paid_search,treatment,0
110802,paid_search,treatment,0
109725,organic,treatment,0
101941,app_store,control,0
108513,app_store,treatment,0
100158,organic,control,0
111184,paid_search,control,0
102855,organic,control,0
106242,organic,treatment,0
100229,paid_search,treatment,0
106349,app_store,control,0
111347,referral,control,0
108044,paid_search,control,0
100962,organic,treatment,1
106607,paid_search,control,0
112038,organic,control,0
109947,app_store,treatment,0
101241,paid_search,control,0
103425,app_store,control,0
111296,paid_search,control,0
108651,organic,treatment,1
103512,organic,control,0
100980,paid_search,control,0
110690,organic,control,0
112067,referral,treatment,0
104825,paid_search,treatment,0
113164,organic,treatment,1
106711,referral,control,0
103806,paid_search,treatment,0
103113,organic,control,0
104711,organic,treatment,1
105862,referral,treatment,0
112148,paid_search,control,1
102345,referral,control,0
100842,organic,treatment,0
109583,referral,control,0
105572,paid_search,control,0
104965,organic,treatment,0
109346,referral,treatment,0
101467,referral,treatment,1
113086,organic,control,0
108851,referral,treatment,0
102191,paid_search,treatment,0
110990,paid_search,control,0
109117,paid_search,control,0
104102,paid_search,control,0
100954,organic,treatment,0
105296,paid_search,treatment,0
108365,paid_search,control,1
109470,referral,control,1
113062,organic,treatment,0
100505,paid_search,control,0
104888,app_store,control,0
112397,organic,treatment,1
107837,app_store,treatment,0
109129,paid_search,control,0
111714,organic,treatment,0
111175,paid_search,control,0
113824,organic,treatment,0
106940,paid_search,control,0
106800,paid_search,control,0
111454,paid_search,control,0
105527,paid_search,control,1
108933,paid_search,control,1
112006,organic,treatment,0
103015,paid_search,control,1
112801,paid_search,control,0
102061,organic,treatment,0
102966,paid_search,control,0
111847,organic,treatment,0
104298,organic,treatment,1
110400,organic,treatment,1
107602,organic,treatment,1
106459,paid_search,treatment,0
108672,paid_search,control,1
111059,paid_search,control,0
108852,app_store,treatment,1
106561,organic,treatment,1
104115,referral,treatment,1
105846,paid_search,control,0
102637,paid_search,treatment,0
109351,app_store,treatment,1
112893,organic,treatment,0
103523,app_store,treatment,0
102382,paid_search,treatment,0
109807,paid_search,treatment,1
110671,app_store,treatment,0
110161,organic,treatment,0
112458,paid_search,control,0
112971,organic,treatment,1
106380,organic,treatment,0
104338,paid_search,control,0
106313,referral,treatment,0
100328,organic,treatment,1
102267,referral,control,0
108279,app_store,control,0
107327,app_store,control,0
110167,paid_search,control,0
109278,paid_search,treatment,0
104780,app_store,treatment,0
112790,referral,treatment,1
112780,referral,treatment,0
113553,referral,control,0
105586,organic,control,1
100690,organic,treatment,1
100370,organic,treatment,1
102176,paid_search,control,0
109041,referral,treatment,1
110313,referral,control,0
109560,paid_search,control,0
106450,paid_search,control,0
100079,organic,treatment,1
106585,app_store,treatment,0
109080,paid_search,treatment,0
112590,organic,control,1
109279,referral,treatment,0
102833,influencer,control,0
105455,organic,treatment,1
104328,organic,treatment,0
102551,app_store,treatment,0
112249,referral,treatment,1
102228,paid_search,treatment,0
108358,referral,treatment,1
113635,organic,treatment,0
101805,organic,treatment,0
108159,organic,treatment,1
101306,referral,treatment,0
109554,organic,treatment,1
103010,paid_search,treatment,0
106287,paid_search,control,0
111467,organic,treatment,0
111070,organic,control,0
111765,referral,treatment,0
112022,organic,treatment,1
107853,paid_search,treatment,0
112608,paid_search,control,0
103083,paid_search,control,0
105817,organic,treatment,0
110578,paid_search,control,1
104455,app_store,treatment,0
112636,organic,treatment,1
107426,app_store,control,0
102420,app_store,treatment,0
101342,paid_search,control,0
108334,paid_search,control,0
109890,paid_search,treatment,0
112863,paid_search,treatment,0
103149,paid_search,control,0
100384,paid_search,treatment,1
109969,referral,control,1
113983,paid_search,treatment,0
105886,referral,control,0
106265,paid_search,treatment,0
110067,organic,control,0
108324,paid_search,control,0
111938,referral,treatment,0
103802,paid_search,control,1
108460,paid_search,control,0
104245,organic,treatment,0
110684,paid_search,treatment,0
101049,organic,treatment,0
102594,paid_search,treatment,0
105295,organic,treatment,1
106445,influencer,treatment,0
101577,app_store,treatment,0
111358,paid_search,control,0
109607,referral,control,0
108560,paid_search,control,0
105852,paid_search,control,0
110929,organic,treatment,0
111211,paid_search,control,0
106720,paid_search,control,0
111410,paid_search,control,0
106765,referral,treatment,0
103947,paid_search,treatment,0
110655,paid_search,control,0
105991,paid_search,control,0
105896,paid_search,control,0
106060,app_store,control,0
111314,paid_search,control,1
103930,paid_search,control,0
104330,organic,control,0
105462,app_store,control,0
105849,influencer,control,0
102781,paid_search,control,0
104663,referral,treatment,0
100197,app_store,treatment,0
109954,paid_search,control,0
100743,referral,treatment,1
110095,organic,control,0
112480,referral,treatment,0
106901,organic,treatment,0
110670,app_store,treatment,0
112568,organic,treatment,1
113802,app_store,control,0
106020,paid_search,control,0
108950,organic,control,0
111700,organic,treatment,0
100956,app_store,control,0
104800,organic,treatment,1
106549,organic,control,0
111533,referral,treatment,1
107473,referral,control,0
106351,paid_search,control,1
103455,app_store,control,0
109487,paid_search,treatment,1
106473,paid_search,control,0
110472,paid_search,control,0
111414,organic,treatment,0
108706,app_store,treatment,0
112922,paid_search,control,0
102943,paid_search,control,1
100466,referral,control,0
113605,organic,control,0
104541,paid_search,control,0
100593,paid_search,control,0
110206,paid_search,control,0
108590,app_store,control,0
110660,app_store,treatment,0
111638,organic,treatment,0
101068,referral,control,1
100908,organic,treatment,0
113818,app_store,treatment,0
105362,paid_search,control,0
107478,organic,treatment,0
101871,app_store,control,0
101679,referral,treatment,0
113471,paid_search,treatment,0
102630,referral,treatment,0
100761,organic,treatment,0
110956,referral,treatment,1
106338,paid_search,control,1
100979,paid_search,treatment,0
103315,organic,treatment,1
109658,paid_search,control,1
108181,app_store,treatment,1
112642,referral,treatment,0
107554,paid_search,treatment,0
103114,organic,control,0
106704,paid_search,treatment,0
101950,organic,control,0
109350,paid_search,control,0
103053,paid_search,control,0
105651,organic,control,1
113008,referral,control,0
101796,app_store,control,0
104169,app_store,control,0
111808,app_store,control,0
109201,app_store,treatment,0
109390,referral,treatment,0
108251,organic,control,0
100314,referral,treatment,1
100168,app_store,treatment,0
106849,organic,treatment,0
103418,organic,treatment,0
101083,organic,control,1
110939,paid_search,control,0
100013,paid_search,control,0
104846,app_store,control,0
113270,organic,control,0
108877,referral,control,0
113947,paid_search,treatment,0
105645,paid_search,treatment,0
100364,paid_search,control,0
103713,organic,control,0
100484,paid_search,control,1
106195,influencer,control,0
105798,paid_search,treatment,1
108400,paid_search,control,0
105830,paid_search,control,0
104079,organic,control,0
112690,referral,control,0
108383,paid_search,control,1
112927,organic,control,0
106567,organic,control,0
104519,organic,control,1
109086,app_store,control,0
108943,app_store,treatment,1
100372,app_store,control,0
112029,referral,treatment,1
102644,paid_search,treatment,0
100137,paid_search,control,0
108131,organic,treatment,0
103734,referral,treatment,1
104629,referral,treatment,0
112578,paid_search,control,0
106839,organic,treatment,1
101793,organic,control,0
113328,paid_search,control,0
112835,referral,treatment,0
111997,organic,treatment,0
102100,referral,control,0
109146,app_store,treatment,0
105795,organic,treatment,0
104303,paid_search,treatment,0
101077,paid_search,control,0
109817,paid_search,treatment,0
104741,organic,treatment,0
113353,organic,treatment,1
102256,paid_search,control,0
109151,referral,treatment,0
111121,organic,treatment,0
107440,app_store,control,0
109522,organic,treatment,1
109306,organic,treatment,0
112882,referral,control,0
102784,referral,control,0
110121,organic,treatment,0
111568,paid_search,treatment,0
111427,paid_search,treatment,0
100526,app_store,control,0
101938,paid_search,treatment,0
107793,referral,control,1
101955,referral,treatment,1
102084,app_store,control,1
105408,organic,control,1
109950,paid_search,control,1
103860,referral,treatment,1
101991,paid_search,treatment,0
107633,referral,treatment,1
110262,paid_search,control,0
108552,referral,treatment,1
104483,organic,treatment,0
106643,paid_search,control,1
106431,referral,control,0
102279,organic,control,0
107667,app_store,treatment,0
113232,organic,control,0
112616,app_store,control,0
113809,organic,treatment,1
111852,influencer,control,1
100020,organic,control,0
100468,referral,control,0
110604,paid_search,control,0
105004,paid_search,control,0
103746,organic,control,0
101719,organic,control,0
106327,paid_search,control,0
101037,app_store,control,0
102379,referral,control,0
110284,organic,control,1
101235,app_store,treatment,0
103218,referral,treatment,0
112678,paid_search,control,1
108732,paid_search,treatment,0
113981,paid_search,treatment,0
104440,paid_search,control,0
113419,paid_search,control,1
102148,app_store,treatment,0
113023,organic,treatment,0
112782,organic,control,1
108317,app_store,control,0
102853,paid_search,control,0
100948,referral,control,1
113617,paid_search,control,0
102165,paid_search,control,0
107942,referral,treatment,0
105262,organic,treatment,1
110234,paid_search,control,1
103448,organic,treatment,0
110907,paid_search,treatment,0
108631,paid_search,control,0
109644,organic,treatment,0
105001,paid_search,control,0
111957,organic,treatment,0
112477,referral,treatment,1
101493,paid_search,control,0
111831,paid_search,treatment,0
102586,referral,treatment,0
101135,organic,treatment,0
112649,paid_search,treatment,0
100604,organic,treatment,0
113359,paid_search,treatment,0
101524,organic,treatment,0
109919,referral,treatment,0
107533,paid_search,treatment,0
105120,paid_search,control,0
103195,paid_search,control,0
108718,referral,control,0
103533,organic,treatment,1
105723,referral,treatment,1
101337,paid_search,control,0
111737,organic,treatment,1
111496,organic,control,1
105611,paid_search,treatment,0
101433,paid_search,control,0
111793,influencer,control,0
111114,paid_search,control,0
111969,app_store,control,0
105715,paid_search,control,0
108149,paid_search,treatment,0
112511,app_store,control,0
101059,referral,treatment,0
101725,paid_search,treatment,0
100636,paid_search,treatment,0
105688,app_store,control,0
100513,referral,control,1
106989,referral,control,0
102687,organic,control,0
105284,organic,treatment,1
107158,referral,control,0
109113,paid_search,treatment,0
110772,paid_search,control,0
109943,referral,treatment,0
102437,paid_search,treatment,0
106948,paid_search,treatment,0
113035,referral,control,0
100961,organic,treatment,0
104670,paid_search,control,0
105658,organic,treatment,0
101432,app_store,control,0
110372,referral,control,1
110293,referral,control,0
102427,organic,treatment,0
104220,organic,treatment,0
104208,organic,control,0
105577,referral,treatment,0
103402,organic,treatment,1
106527,referral,treatment,1
106357,influencer,control,0
100892,paid_search,control,0
109048,organic,treatment,1
110674,app_store,treatment,0
101622,referral,treatment,0
105194,organic,treatment,0
101605,organic,control,0
112308,app_store,treatment,0
105127,organic,control,0
111441,organic,treatment,0
102043,paid_search,control,0
107755,paid_search,treatment,0
104018,paid_search,treatment,0
100335,referral,control,0
111556,paid_search,control,0
100652,organic,treatment,1
102389,organic,control,0
102195,referral,control,0
103594,paid_search,control,0
110846,organic,treatment,0
107821,paid_search,control,0
106068,referral,treatment,1
105286,app_store,control,0
112489,app_store,treatment,0
102845,app_store,treatment,0
103492,organic,treatment,1
110034,paid_search,control,1
106360,organic,treatment,1
100801,referral,control,1
107257,organic,control,0
102002,referral,treatment,1
109372,paid_search,treatment,0
108294,app_store,treatment,0
108349,paid_search,control,0
101310,referral,control,0
108155,organic,treatment,0
101352,paid_search,control,0
111977,referral,control,0
102502,organic,treatment,0
113150,paid_search,control,0
104120,app_store,treatment,1
110718,referral,control,1
113706,paid_search,control,0
102575,organic,treatment,1
109605,organic,treatment,1
105517,organic,treatment,0
112812,paid_search,control,0
113311,paid_search,control,0
106497,organic,treatment,1
110659,organic,treatment,0
112727,paid_search,control,1
111415,paid_search,control,0
102698,referral,control,1
101423,referral,control,0
100049,paid_search,control,0
113563,organic,control,0
104221,organic,treatment,0
109576,app_store,control,0
104300,organic,treatment,0
111352,paid_search,control,0
100417,referral,control,0
100694,paid_search,control,0
102459,paid_search,control,0
101426,paid_search,control,0
110765,paid_search,control,0
109118,paid_search,control,0
107739,paid_search,treatment,1
109271,paid_search,control,0
104969,paid_search,control,0
107901,organic,control,0
102139,paid_search,control,0
103009,paid_search,treatment,0
113537,paid_search,control,1
104113,organic,control,0
102764,paid_search,treatment,0
107623,organic,control,0
109119,paid_search,treatment,0
113383,paid_search,control,0
109888,paid_search,treatment,0
101472,referral,treatment,0
109737,organic,treatment,1
112387,organic,treatment,1
106580,referral,treatment,0
104399,organic,treatment,1
103136,organic,treatment,1
101578,app_store,control,0
110788,referral,treatment,0
112185,referral,control,0
112255,app_store,treatment,0
108126,paid_search,control,0
112955,paid_search,treatment,0
112319,paid_search,control,0
103777,referral,control,0
109067,referral,control,0
112274,organic,treatment,0
100105,paid_search,control,0
109002,app_store,control,0
100183,app_store,treatment,0
104689,organic,treatment,1
108017,organic,treatment,0
100881,organic,treatment,0
106641,app_store,control,0
104181,organic,treatment,0
105235,paid_search,control,1
103033,paid_search,control,0
112604,paid_search,control,1
108061,paid_search,control,0
106038,organic,treatment,0
110193,organic,treatment,0
112216,paid_search,control,0
101633,referral,treatment,0
113967,organic,treatment,1
112554,app_store,treatment,0
101606,paid_search,control,0
104387,organic,treatment,0
111303,organic,treatment,1
106998,organic,treatment,0
112877,referral,treatment,0
112365,paid_search,control,0
113796,organic,control,0
111239,referral,treatment,0
105450,referral,control,0
107028,paid_search,control,1
107679,referral,control,0
110650,organic,treatment,0
104923,app_store,treatment,0
102088,referral,treatment,0
104507,organic,treatment,0
107187,app_store,control,0
100677,app_store,treatment,0
110844,app_store,treatment,0
109472,app_store,treatment,0
104953,paid_search,control,0
104301,organic,control,0
103824,paid_search,control,1
106432,app_store,control,0
112414,paid_search,control,0
101748,paid_search,control,0
106190,paid_search,treatment,0
106595,paid_search,control,0
101713,paid_search,control,0
102077,paid_search,control,0
101528,organic,control,0
110998,app_store,control,0
103025,paid_search,control,0
113653,organic,treatment,1
112888,referral,control,0
105867,paid_search,control,0
105727,app_store,treatment,1
107362,paid_search,control,0
102758,paid_search,control,0
113642,organic,treatment,1
106536,paid_search,control,0
112585,organic,treatment,1
111559,paid_search,control,0
108014,paid_search,control,0
111581,paid_search,control,0
105150,paid_search,treatment,0
113623,organic,treatment,0
101529,paid_search,control,0
107920,paid_search,control,0
109369,organic,treatment,1
105580,paid_search,control,0
107392,organic,treatment,1
111530,app_store,control,0
109678,organic,control,0
100343,organic,treatment,0
101454,paid_search,control,0
105691,paid_search,control,1
106954,referral,control,0
105799,paid_search,control,0
108979,referral,treatment,0
101450,organic,control,0
110693,organic,treatment,0
109895,app_store,treatment,0
111862,referral,control,0
102535,paid_search,control,0
107902,app_store,treatment,0
109089,referral,treatment,0
109127,app_store,treatment,0
111325,app_store,control,0
105980,referral,control,0
110694,organic,control,0
113732,referral,control,0
107941,app_store,treatment,0
113083,referral,treatment,0
110062,organic,treatment,1
112676,referral,treatment,0
105820,paid_search,control,0
107163,paid_search,control,0
110516,paid_search,control,1
105301,app_store,control,0
102636,influencer,treatment,0
113077,organic,treatment,1
100133,app_store,treatment,0
100362,paid_search,control,0
108626,organic,control,1
100329,paid_search,treatment,1
106978,organic,treatment,1
110405,paid_search,control,0
101381,paid_search,control,1
113842,paid_search,control,1
108360,referral,treatment,0
112673,organic,treatment,1
108080,paid_search,control,0
110020,organic,treatment,1
102344,referral,control,0
101959,paid_search,treatment,0
104170,referral,control,0
109044,app_store,control,0
110322,app_store,control,1
113696,paid_search,treatment,0
104458,paid_search,control,0
109672,referral,control,0
105764,paid_search,control,0
108665,paid_search,control,0
111859,referral,control,0
108549,paid_search,control,0
107985,paid_search,treatment,0
102506,organic,treatment,0
110696,referral,control,0
109516,organic,treatment,0
106658,paid_search,control,0
109307,referral,control,0
107818,referral,control,0
111101,referral,control,0
111422,paid_search,control,0
105818,app_store,treatment,0
110040,app_store,control,0
106560,paid_search,treatment,0
110329,paid_search,treatment,0
100756,organic,treatment,1
100316,paid_search,control,0
113220,organic,treatment,1
102651,organic,treatment,0
110815,referral,treatment,0
100215,app_store,treatment,0
113568,organic,treatment,1
102137,paid_search,control,0
100533,referral,treatment,0
103939,organic,treatment,1
104755,organic,control,0
104664,referral,treatment,0
109990,influencer,treatment,1
107497,referral,control,0
109989,paid_search,control,0
107113,organic,treatment,0
111332,paid_search,control,0
105475,organic,treatment,1
112707,paid_search,control,1
104433,app_store,control,0
101510,referral,treatment,1
111563,referral,control,0
100747,app_store,treatment,1
107255,organic,treatment,0
109018,referral,treatment,1
101887,referral,treatment,0
106078,referral,treatment,0
108519,paid_search,control,0
102423,paid_search,control,0
100078,organic,treatment,1
110733,paid_search,control,0
104413,organic,treatment,1
108482,app_store,treatment,0
110559,organic,control,0
111395,paid_search,control,0
110330,paid_search,control,0
102223,influencer,treatment,0
103638,organic,treatment,1
103667,paid_search,treatment,0
105812,paid_search,control,0
106291,influencer,treatment,0
109154,organic,treatment,1
111782,paid_search,control,0
109426,organic,treatment,0
102051,organic,control,1
103405,organic,treatment,0
109224,referral,control,0
100074,referral,control,1
105022,paid_search,treatment,0
100826,organic,treatment,0
107977,referral,treatment,0
104417,app_store,control,0
102728,paid_search,treatment,0
105909,app_store,treatment,1
104082,app_store,treatment,0
113685,paid_search,treatment,0
105922,paid_search,control,0
100650,organic,control,0
106599,paid_search,control,1
108109,app_store,treatment,1
113356,organic,treatment,0
101213,app_store,control,0
112143,app_store,control,0
105781,organic,treatment,0
113933,organic,control,1
113312,referral,treatment,0
105039,referral,treatment,0
107913,organic,control,0
104529,organic,treatment,0
109676,referral,treatment,0
104045,paid_search,control,0
110115,paid_search,control,1
107846,organic,control,1
104758,referral,treatment,0
105050,organic,control,0
100026,app_store,control,0
113005,paid_search,control,0
111641,paid_search,control,0
108674,organic,treatment,0
110980,app_store,control,0
107675,organic,treatment,0
106935,referral,treatment,1
104839,organic,treatment,1
107082,app_store,control,0
107559,paid_search,control,0
108921,paid_search,treatment,1
103277,paid_search,control,0
103873,app_store,control,0
103391,app_store,control,1
106992,paid_search,treatment,0
103059,organic,treatment,0
107331,organic,treatment,1
102367,influencer,treatment,1
109760,paid_search,control,0
106890,organic,treatment,1
106289,paid_search,control,0
100658,organic,control,0
113222,referral,treatment,0
110272,app_store,control,0
113218,paid_search,control,1
110970,organic,treatment,0
113695,paid_search,treatment,0
112580,organic,control,0
110965,referral,treatment,0
113752,paid_search,control,0
104929,referral,treatment,0
109260,paid_search,treatment,1
106114,app_store,control,0
107400,influencer,treatment,0
113694,app_store,treatment,0
112939,organic,treatment,0
107552,organic,treatment,1
110154,app_store,control,0
109941,referral,treatment,0
110928,organic,treatment,1
105263,organic,treatment,1
100910,referral,control,0
109654,paid_search,control,0
110129,paid_search,control,0
111287,app_store,control,0
101979,paid_search,control,1
100933,organic,treatment,0
101975,referral,control,1
107002,referral,control,0
113214,paid_search,treatment,0
112549,paid_search,control,0
105015,paid_search,treatment,0
104701,app_store,control,0
104281,app_store,control,1
102935,organic,treatment,0
109549,paid_search,treatment,0
100226,paid_search,control,0
109505,paid_search,treatment,0
101031,referral,treatment,0
101072,paid_search,treatment,1
108888,organic,treatment,0
102557,app_store,treatment,0
102471,referral,treatment,1
112512,app_store,treatment,0
113043,referral,control,1
110357,paid_search,control,1
104925,organic,treatment,1
109057,referral,control,0
105029,organic,treatment,0
105746,organic,control,0
111227,organic,treatment,0
112456,organic,control,1
113495,app_store,treatment,1
108371,referral,treatment,0
109734,organic,treatment,0
111374,organic,control,1
105011,paid_search,control,0
108924,organic,treatment,0
105704,referral,treatment,1
103562,organic,control,0
102493,paid_search,control,0
110536,organic,control,0
101117,influencer,control,0
101126,organic,treatment,0
100244,paid_search,treatment,0
110138,referral,treatment,0
103840,referral,control,0
112837,paid_search,control,0
112712,paid_search,treatment,0
109081,organic,control,0
111503,app_store,treatment,0
102959,organic,treatment,0
107849,organic,treatment,0
106584,app_store,treatment,1
103350,app_store,control,0
110932,organic,control,0
113044,app_store,treatment,0
109988,referral,control,0
108298,paid_search,control,0
104364,app_store,control,0
107960,app_store,treatment,1
100283,referral,control,0
103986,paid_search,control,0
100203,paid_search,control,1
113942,paid_search,treatment,0
104403,paid_search,control,0
106174,organic,control,0
107105,organic,control,1
113126,app_store,control,0
110819,referral,control,0
106259,organic,treatment,0
113503,organic,control,0
100634,paid_search,treatment,0
113320,referral,control,1
107020,organic,treatment,0
107549,paid_search,treatment,1
107578,referral,control,0
107465,referral,control,1
113088,organic,treatment,1
109942,paid_search,control,0
111144,app_store,control,0
111328,paid_search,control,0
107238,paid_search,control,1
101195,paid_search,control,0
104194,organic,treatment,1
113431,referral,treatment,1
104554,paid_search,control,0
106354,app_store,control,0
112529,app_store,treatment,1
107820,paid_search,treatment,1
105419,paid_search,control,0
111092,paid_search,control,0
111769,referral,treatment,0
111360,paid_search,control,0
101491,paid_search,control,0
109894,paid_search,control,0
109096,organic,treatment,0
103797,paid_search,control,1
101078,app_store,control,0
100369,organic,treatment,0
102519,organic,treatment,0
108104,app_store,treatment,0
110740,paid_search,control,0
104659,organic,treatment,1
111247,organic,treatment,0
113148,paid_search,control,0
100824,referral,treatment,1
100700,referral,control,0
110833,paid_search,control,0
101504,organic,treatment,0
109587,referral,control,1
101380,organic,treatment,1
106908,organic,treatment,1
103027,paid_search,control,1
103426,app_store,treatment,0
110439,organic,control,0
109343,organic,control,0
113758,influencer,control,0
108421,app_store,control,0
109980,paid_search,control,0
107671,organic,control,1
103491,influencer,treatment,1
112816,paid_search,control,0
102473,paid_search,control,0
111773,paid_search,control,0
110727,app_store,control,0
102260,organic,treatment,1
107016,paid_search,control,0
100253,paid_search,control,0
111281,paid_search,control,0
111918,paid_search,control,0
108791,organic,treatment,0
109141,app_store,control,0
111941,referral,control,0
103738,paid_search,control,0
109139,paid_search,control,0
101599,referral,treatment,0
108729,paid_search,treatment,0
113339,paid_search,control,0
113988,organic,treatment,0
103366,referral,treatment,0
105024,app_store,treatment,1
110355,paid_search,treatment,0
102797,paid_search,control,0
103417,organic,treatment,0
108025,paid_search,control,0
102947,organic,treatment,1
106676,paid_search,control,0
111192,paid_search,treatment,0
105607,influencer,control,0
107953,paid_search,control,0
100058,paid_search,treatment,1
112825,referral,treatment,0
108483,organic,treatment,0
108812,paid_search,control,0
109982,organic,treatment,1
105078,paid_search,treatment,0
102064,paid_search,treatment,0
111764,organic,treatment,0
109074,influencer,treatment,0
105499,paid_search,treatment,0
104117,organic,treatment,0
102371,paid_search,control,0
113828,paid_search,control,0
102277,referral,treatment,0
111087,organic,treatment,1
109756,app_store,treatment,1
107848,organic,treatment,1
106887,organic,control,0
106235,app_store,control,0
111819,paid_search,control,0
113299,paid_search,control,0
104114,organic,treatment,1
112612,referral,control,0
103185,organic,treatment,0
111880,paid_search,control,0
100042,referral,treatment,0
113273,paid_search,treatment,0
112199,paid_search,treatment,0
105756,organic,control,0
101730,app_store,control,0
106415,organic,treatment,0
104684,referral,control,0
113693,paid_search,control,0
108501,paid_search,control,0
103759,organic,treatment,0
110716,paid_search,control,0
108478,organic,treatment,0
109462,paid_search,control,0
110820,app_store,control,0
101765,referral,treatment,0
104810,referral,control,1
110737,organic,treatment,1
103538,paid_search,control,0
108388,app_store,treatment,0
105970,organic,treatment,1
102017,paid_search,control,0
113829,organic,treatment,0
105187,app_store,control,0
100094,referral,control,0
106751,paid_search,control,0
101645,paid_search,control,0
106767,organic,control,1
112948,paid_search,control,0
113271,paid_search,control,0
107201,organic,treatment,0
101134,organic,treatment,0
103412,app_store,treatment,0
100773,organic,treatment,0
107407,paid_search,control,0
109653,paid_search,control,0
112104,referral,control,0
106348,paid_search,control,1
112796,paid_search,treatment,0
102623,paid_search,control,0
109045,paid_search,control,0
101988,app_store,treatment,0
106522,referral,treatment,0
108667,referral,control,0
103154,organic,control,1
100398,paid_search,control,0
106054,paid_search,control,0
102944,organic,control,1
108939,organic,treatment,1
108758,organic,control,0
102237,referral,control,0
113498,paid_search,treatment,0
106208,paid_search,treatment,0
111543,app_store,control,0
112740,paid_search,treatment,0
101766,paid_search,control,0
104813,app_store,treatment,0
103217,organic,treatment,0
104623,organic,treatment,0
102221,organic,treatment,0
109249,referral,treatment,1
101690,organic,control,0
104788,paid_search,control,0
110464,paid_search,control,0
111045,organic,treatment,0
109824,paid_search,treatment,0
102750,organic,treatment,0
103139,organic,treatment,1
109580,paid_search,treatment,0
108845,paid_search,control,1
109680,referral,control,0
109971,referral,treatment,0
108495,app_store,treatment,0
102514,organic,treatment,0
111643,app_store,control,0
102463,organic,treatment,0
109973,organic,treatment,0
111153,referral,control,0
112692,paid_search,control,0
101837,organic,treatment,0
112715,paid_search,control,0
106388,paid_search,control,1
112920,app_store,control,0
103049,influencer,treatment,0
107987,app_store,control,0
100161,referral,treatment,0
108089,organic,control,1
111952,paid_search,control,0
101627,organic,treatment,0
106869,organic,treatment,0
110145,paid_search,control,1
109420,referral,treatment,0
104546,organic,treatment,0
103092,organic,control,0
107915,paid_search,control,0
105814,referral,treatment,0
111222,organic,treatment,1
103557,referral,treatment,0
111504,app_store,treatment,0
104323,referral,treatment,0
111848,organic,treatment,0
108637,organic,treatment,0
100641,paid_search,control,0
103372,paid_search,control,0
103887,paid_search,control,0
102607,organic,treatment,1
106116,organic,treatment,0
101154,paid_search,control,1
103586,paid_search,control,0
105304,referral,treatment,1
106770,paid_search,treatment,0
103422,referral,treatment,1
110290,organic,control,0
103199,app_store,control,1
110222,paid_search,control,0
111363,paid_search,control,0
101182,paid_search,control,1
107151,paid_search,control,0
104832,app_store,control,0
105234,app_store,treatment,0
113422,app_store,control,0
108067,paid_search,control,0
109731,paid_search,control,0
103990,app_store,control,0
103819,organic,control,0
108797,organic,treatment,0
110551,app_store,control,0
100637,paid_search,control,0
102385,paid_search,control,0
106264,organic,control,1
100280,paid_search,control,0
113115,organic,control,1
106492,paid_search,control,0
111613,organic,control,0
107021,paid_search,control,1
107133,paid_search,control,0
102798,referral,control,0
101821,referral,control,1
107226,app_store,control,0
101144,paid_search,control,0
105951,organic,treatment,0
105134,paid_search,control,0
101295,referral,control,0
102553,app_store,treatment,0
109497,referral,control,0
106709,organic,treatment,1
112221,referral,control,0
106059,referral,treatment,1
107382,organic,treatment,1
100914,organic,treatment,0
112871,paid_search,treatment,0
110352,app_store,treatment,0
102841,paid_search,control,0
113352,organic,treatment,0
100121,referral,treatment,0
102436,paid_search,control,0
101587,organic,treatment,0
104134,paid_search,control,0
104514,organic,treatment,0
100112,app_store,control,0
112443,organic,treatment,0
103656,organic,treatment,0
105992,organic,control,0
103227,paid_search,control,0
107138,organic,treatment,0
101245,referral,treatment,0
107231,organic,control,0
102582,referral,treatment,0
111003,paid_search,treatment,1
101254,organic,treatment,0
103620,paid_search,control,1
107149,app_store,control,0
111713,organic,control,1
112013,paid_search,control,0
113773,paid_search,control,0
111230,referral,control,0
113977,paid_search,control,0
110937,app_store,control,0
104290,organic,control,1
105126,organic,control,1
101727,paid_search,treatment,0
104443,app_store,control,0
107954,organic,control,1
108228,paid_search,control,1
103837,paid_search,treatment,0
103445,organic,treatment,0
104728,organic,treatment,1
107210,organic,control,0
101722,organic,treatment,0
112243,referral,control,0
104100,paid_search,control,0
113137,organic,treatment,0
113677,app_store,treatment,0
102130,organic,treatment,0
100849,app_store,treatment,0
113786,organic,treatment,0
101395,paid_search,treatment,0
106623,referral,control,1
105644,organic,treatment,0
110173,referral,treatment,1
100680,paid_search,control,1
105155,paid_search,treatment,1
111289,referral,control,1
106586,organic,control,0
103812,paid_search,control,0
113331,paid_search,treatment,0
112659,referral,treatment,1
106179,app_store,treatment,1
111890,referral,control,0
103900,referral,control,1
111609,paid_search,control,1
110365,paid_search,control,0
113105,referral,control,0
100449,paid_search,control,0
100208,organic,treatment,1
113940,paid_search,control,0
106701,paid_search,control,1
109998,referral,treatment,0
105673,organic,treatment,1
104751,app_store,treatment,0
107909,paid_search,treatment,0
110868,paid_search,control,0
102981,organic,control,0
111666,organic,control,1
108977,paid_search,control,0
110414,organic,control,1
106870,app_store,control,0
113084,paid_search,treatment,0
105196,paid_search,control,0
107596,organic,control,1
113882,referral,treatment,0
109318,paid_search,control,0
108790,referral,control,0
107859,app_store,treatment,0
104068,paid_search,control,0
101267,paid_search,control,0
102849,organic,control,0
109108,organic,treatment,1
110843,paid_search,control,0
106947,referral,control,0
107378,referral,control,0
112918,referral,treatment,0
102020,paid_search,control,0
109499,referral,treatment,0
107293,organic,treatment,0
107668,organic,treatment,1
109017,referral,control,0
105474,paid_search,control,1
111298,paid_search,control,0
106654,organic,treatment,0
107774,organic,treatment,0
101586,organic,treatment,0
113581,app_store,control,0
111657,referral,control,0
103988,paid_search,control,0
101053,app_store,treatment,1
104534,referral,control,0
108391,organic,control,0
112025,app_store,control,0
103050,referral,treatment,0
110899,organic,control,0
112315,referral,control,0
111440,paid_search,treatment,0
106023,paid_search,control,0
105697,paid_search,treatment,0
108959,app_store,treatment,0
101747,organic,treatment,0
100338,organic,control,1
101009,app_store,control,0
109255,referral,control,0
107148,referral,treatment,0
108815,app_store,control,0
102075,referral,control,1
106258,organic,treatment,1
103929,organic,treatment,1
109747,paid_search,treatment,0
103066,referral,control,1
104994,referral,treatment,0
112031,organic,treatment,0
103508,organic,treatment,0
104895,referral,control,1
109453,paid_search,control,0
109147,referral,treatment,1
107878,app_store,control,0
102792,referral,treatment,0
102622,organic,control,0
113852,referral,control,1
110160,referral,control,0
103616,referral,control,0
106482,referral,control,0
101963,organic,control,1
109846,paid_search,treatment,1
103858,referral,control,1
111180,paid_search,control,0
107740,paid_search,control,0
109272,paid_search,treatment,0
107727,organic,treatment,0
112996,organic,control,0
104061,paid_search,control,0
113235,paid_search,control,0
104609,app_store,treatment,0
113894,app_store,control,0
103943,referral,control,0
105182,organic,treatment,1
111951,app_store,treatment,0
106844,organic,control,0
109170,referral,control,1
108884,referral,control,0
107893,paid_search,control,1
101456,paid_search,control,0
107006,referral,control,0
105013,organic,treatment,0
111369,paid_search,control,1
107343,organic,treatment,0
103979,paid_search,control,0
102988,organic,treatment,0
110000,app_store,treatment,0
102027,paid_search,control,0
109940,organic,treatment,1
106905,paid_search,treatment,1
101601,organic,treatment,1
113619,organic,control,0
109478,paid_search,control,0
103342,paid_search,control,1
106673,paid_search,treatment,0
104434,organic,treatment,0
112182,referral,control,0
110867,organic,control,0
100799,influencer,control,0
105617,paid_search,control,1
105231,organic,control,0
104109,organic,treatment,0
113313,paid_search,control,0
109956,organic,treatment,0
111169,organic,treatment,0
103630,referral,control,0
103673,organic,control,1
101413,referral,control,0
113364,paid_search,control,1
106382,paid_search,control,0
113093,paid_search,control,0
107048,organic,treatment,0
106285,paid_search,treatment,1
101675,paid_search,treatment,0
112049,paid_search,treatment,0
105067,organic,treatment,0
110926,influencer,treatment,0
105394,organic,treatment,0
109011,paid_search,control,0
103552,organic,treatment,1
107911,paid_search,control,0
102212,app_store,treatment,0
102168,app_store,treatment,0
113840,paid_search,control,0
112567,organic,control,0
111049,organic,control,0
113334,organic,treatment,1
104321,organic,treatment,0
113606,paid_search,control,0
109613,paid_search,control,0
104866,referral,treatment,1
101563,referral,treatment,0
105486,paid_search,control,0
110812,paid_search,treatment,0
111747,app_store,treatment,1
103463,referral,control,1
102498,referral,control,0
107059,organic,treatment,0
101559,app_store,control,0
109853,app_store,control,0
108506,referral,treatment,0
111539,referral,control,1
106217,referral,treatment,0
110349,organic,treatment,1
109767,referral,control,0
109415,paid_search,control,0
101227,influencer,control,0
113166,app_store,control,0
111542,paid_search,treatment,0
102609,app_store,treatment,0
111093,organic,control,1
100127,organic,control,1
103520,organic,treatment,0
112382,organic,treatment,0
101960,paid_search,control,1
109978,app_store,treatment,1
103021,app_store,treatment,0
101710,paid_search,control,0
113906,paid_search,treatment,0
102419,paid_search,control,0
100286,paid_search,treatment,0
109862,paid_search,control,0
101439,paid_search,control,0
107630,paid_search,control,0
105687,app_store,control,0
113129,paid_search,control,0
111043,referral,treatment,0
100172,organic,treatment,1
108740,paid_search,control,1
106712,organic,treatment,0
104603,paid_search,control,0
105605,organic,treatment,1
110776,app_store,treatment,0
112787,paid_search,control,1
103515,app_store,control,0
110677,paid_search,treatment,0
106600,referral,control,0
100251,organic,control,0
109012,paid_search,treatment,0
107171,paid_search,treatment,1
102090,organic,control,1
104145,referral,control,1
103971,paid_search,control,0
110383,paid_search,control,0
112902,app_store,control,0
106185,paid_search,control,0
105732,organic,control,0
108805,referral,control,0
108236,organic,treatment,1
102115,paid_search,control,0
102201,organic,treatment,0
102158,paid_search,control,0
104769,app_store,treatment,0
100882,paid_search,control,1
113225,referral,treatment,0
107696,paid_search,control,0
110725,paid_search,control,0
110025,paid_search,control,0
106181,influencer,treatment,0
110667,organic,treatment,0
107183,referral,treatment,0
111401,referral,treatment,0
110676,referral,control,0
110673,organic,treatment,1
101338,referral,control,1
103772,paid_search,control,0
112984,organic,control,0
100960,referral,treatment,0
100201,paid_search,treatment,1
105342,app_store,control,0
109375,paid_search,control,0
101808,app_store,treatment,0
100568,paid_search,control,0
112430,paid_search,control,0
112998,paid_search,control,0
102711,referral,control,0
105559,organic,treatment,1
108537,app_store,control,0
109233,app_store,treatment,0
108765,app_store,control,0
113951,referral,treatment,0
110744,organic,treatment,1
109924,app_store,control,0
112575,app_store,treatment,0
106563,referral,treatment,0
106084,app_store,control,0
112923,organic,treatment,1
109362,paid_search,treatment,0
107219,organic,control,0
107286,paid_search,control,1
100374,app_store,control,0
108621,organic,control,1
107198,organic,control,0
106330,paid_search,control,0
107162,organic,control,0
109122,organic,treatment,0
113343,paid_search,control,0
107676,paid_search,treatment,0
110141,organic,treatment,0
101789,organic,treatment,1
110582,organic,control,1
100967,organic,treatment,0
101446,app_store,control,0
109615,paid_search,control,0
108054,referral,treatment,0
107883,app_store,treatment,1
101382,paid_search,treatment,0
103233,organic,treatment,0
112555,organic,control,0
113441,organic,treatment,1
108710,paid_search,control,0
109818,referral,control,0
109959,organic,treatment,1
108422,organic,control,0
108727,organic,treatment,0
108553,app_store,treatment,0
113598,referral,control,0
108994,referral,control,0
107699,referral,control,0
102078,paid_search,control,1
107374,organic,treatment,0
104640,organic,control,0
109657,referral,control,0
102643,paid_search,control,0
110893,app_store,treatment,1
105146,referral,treatment,0
101255,paid_search,control,0
104357,referral,control,1
100007,referral,control,0
106537,app_store,treatment,0
101851,paid_search,control,1
102858,paid_search,treatment,0
109898,paid_search,control,0
112272,paid_search,treatment,0
109720,organic,treatment,1
112340,organic,control,0
106944,organic,treatment,0
100281,organic,treatment,1
113765,referral,control,1
101130,paid_search,control,0
113545,organic,control,0
102824,paid_search,control,0
110142,paid_search,treatment,0
113985,organic,treatment,0
101703,organic,control,1
101775,app_store,treatment,0
108679,referral,treatment,0
109465,organic,treatment,1
103744,paid_search,control,0
103376,app_store,treatment,1
107813,organic,treatment,1
100570,organic,control,0
100088,organic,treatment,0
110961,paid_search,control,0
106959,app_store,treatment,0
106667,paid_search,control,0
104451,paid_search,treatment,0
101826,app_store,treatment,0
104139,referral,control,0
110992,organic,control,0
106036,paid_search,control,0
110224,organic,treatment,0
105796,organic,treatment,1
108090,app_store,treatment,0
112962,organic,treatment,1
101017,paid_search,treatment,0
113118,paid_search,control,0
107540,paid_search,treatment,0
113955,paid_search,control,0
109207,paid_search,control,0
113931,paid_search,control,0
100265,app_store,control,0
113954,paid_search,control,1
105958,paid_search,control,0
112569,referral,control,1
104360,paid_search,control,0
101106,organic,treatment,0
110542,organic,treatment,1
105040,organic,treatment,1
103238,referral,treatment,0
110419,organic,treatment,1
107604,organic,treatment,0
103574,app_store,control,0
108830,app_store,control,0
112696,organic,control,0
107542,referral,treatment,0
104985,referral,treatment,1
103665,paid_search,control,0
109682,paid_search,control,1
109034,paid_search,treatment,0
106740,paid_search,control,0
106937,paid_search,treatment,1
102180,app_store,control,0
113191,paid_search,control,0
101909,paid_search,control,0
103619,app_store,treatment,1
111208,organic,treatment,0
111546,paid_search,control,0
111618,paid_search,control,0
101470,referral,treatment,0
101768,referral,treatment,0
105388,referral,treatment,1
108118,paid_search,treatment,0
111924,paid_search,control,0
100566,paid_search,control,1
107312,organic,control,1
107251,paid_search,control,0
107232,organic,control,0
105766,app_store,treatment,0
105774,referral,control,1
107290,referral,control,0
110019,paid_search,treatment,0
108311,paid_search,control,0
101063,paid_search,control,1
101051,paid_search,treatment,0
110755,referral,treatment,0
108107,organic,treatment,0
100255,organic,treatment,0
109876,paid_search,control,0
113681,organic,control,0
101852,paid_search,control,0
102932,paid_search,treatment,0
104263,paid_search,control,0
102531,app_store,treatment,0
101630,organic,treatment,0
103155,paid_search,treatment,0
113774,paid_search,control,0
108874,organic,treatment,0
100709,referral,control,0
105166,app_store,treatment,0
112798,paid_search,treatment,0
102503,paid_search,control,0
111489,paid_search,treatment,0
101400,organic,treatment,1
112570,referral,control,0
105074,paid_search,control,0
100481,paid_search,control,0
113957,paid_search,control,1
101482,organic,treatment,1
108957,app_store,control,0
103932,paid_search,control,0
110602,organic,control,0
108110,influencer,control,0
101503,paid_search,control,0
112000,organic,control,0
110328,organic,treatment,1
105240,app_store,control,0
107738,paid_search,treatment,0
107562,paid_search,treatment,0
102470,organic,treatment,0
102666,referral,treatment,1
109066,app_store,treatment,0
100357,organic,treatment,0
100302,referral,treatment,1
102206,paid_search,treatment,0
104462,paid_search,control,1
105556,paid_search,control,0
110378,paid_search,treatment,0
101816,paid_search,control,0
113502,app_store,treatment,0
106241,paid_search,control,0
100590,paid_search,treatment,0
110855,app_store,control,0
108611,paid_search,treatment,1
113078,organic,treatment,0
110175,referral,treatment,0
108592,app_store,control,0
100639,organic,treatment,0
112875,paid_search,control,0
107970,referral,control,0
101262,referral,treatment,0
113912,referral,control,1
104677,app_store,treatment,0
102633,paid_search,control,0
113449,organic,treatment,0
105510,organic,treatment,0
102945,paid_search,control,0
100888,organic,treatment,0
109965,app_store,control,0
100114,referral,control,0
104358,organic,treatment,1
100268,referral,control,0
101500,referral,control,0
101314,paid_search,control,0
103424,app_store,control,1
110434,paid_search,control,0
110679,organic,treatment,0
109778,app_store,control,0
105844,referral,treatment,0
106797,app_store,treatment,0
109757,paid_search,treatment,0
109662,paid_search,treatment,0
102567,paid_search,treatment,1
113305,app_store,control,0
103446,app_store,treatment,0
100793,organic,treatment,0
103236,paid_search,control,0
102566,paid_search,treatment,0
100618,referral,control,0
113948,organic,treatment,0
106099,influencer,control,1
112348,app_store,control,1
103807,paid_search,treatment,0
101696,paid_search,control,1
106507,referral,treatment,0
106401,referral,treatment,1
109758,paid_search,treatment,1
108079,paid_search,control,0
102056,app_store,control,0
104771,paid_search,control,1
111677,organic,control,0
112244,app_store,control,0
103188,organic,treatment,0
101628,organic,treatment,0
101332,paid_search,control,0
106205,paid_search,control,1
104493,organic,treatment,0
107546,paid_search,control,0
100279,referral,control,1
101256,paid_search,control,0
111365,paid_search,control,0
110712,referral,treatment,0
109883,paid_search,control,0
103556,paid_search,control,0
112883,organic,treatment,1
108854,referral,treatment,1
111335,paid_search,control,0
102399,organic,treatment,1
113613,referral,control,0
106754,referral,treatment,0
101272,paid_search,control,0
105808,organic,treatment,0
108270,paid_search,control,0
110099,paid_search,control,1
101257,referral,control,0
101047,referral,treatment,0
104920,organic,treatment,0
103320,referral,treatment,0
103785,referral,treatment,0
109528,app_store,treatment,0
104782,app_store,control,0
106331,paid_search,treatment,0
109735,paid_search,control,0
108739,paid_search,treatment,1
106780,paid_search,treatment,0
103559,referral,control,0
106737,paid_search,control,0
106111,referral,treatment,0
106832,organic,treatment,1
107515,organic,treatment,0
109317,app_store,treatment,1
108432,paid_search,control,1
100768,paid_search,treatment,0
101175,organic,treatment,1
112417,paid_search,control,0
111384,referral,control,0
110463,paid_search,control,0
109518,referral,control,1
100263,organic,treatment,0
101020,organic,treatment,1
105048,app_store,treatment,1
107638,paid_search,control,0
103875,organic,treatment,0
109205,referral,treatment,0
107285,paid_search,treatment,0
100737,paid_search,treatment,1
109537,organic,treatment,0
104083,organic,treatment,0
111225,app_store,control,0
107557,paid_search,control,0
103869,referral,treatment,1
103007,referral,control,1
104681,paid_search,control,0
110353,app_store,treatment,0
104558,referral,control,0
105300,paid_search,treatment,1
104764,paid_search,control,0
111005,organic,treatment,0
104717,organic,treatment,1
110410,organic,control,0
101506,influencer,control,0
107816,app_store,treatment,0
107297,organic,treatment,1
111076,organic,control,0
111166,paid_search,treatment,0
103241,organic,treatment,0
111458,referral,treatment,0
112119,referral,treatment,0
104236,app_store,treatment,1
106630,paid_search,treatment,1
100415,referral,treatment,0
100488,app_store,treatment,0
105631,paid_search,control,0
107767,paid_search,control,1
109901,organic,control,0
107625,paid_search,control,0
102300,organic,treatment,0
111073,paid_search,control,0
107769,paid_search,treatment,0
110792,paid_search,treatment,0
102509,app_store,control,0
100157,organic,treatment,0
113926,organic,treatment,1
112227,organic,treatment,0
107863,referral,control,0
102578,paid_search,control,0
100670,organic,treatment,0
101023,app_store,treatment,0
104646,organic,treatment,1
112151,paid_search,treatment,0
102321,organic,treatment,1
101653,paid_search,treatment,1
100884,organic,treatment,0
100034,organic,treatment,0
107788,app_store,control,0
104104,organic,treatment,0
109689,referral,control,0
100669,paid_search,treatment,1
111755,app_store,control,0
113032,organic,treatment,0
105973,referral,control,0
107704,organic,control,0
100220,organic,treatment,0
106548,app_store,treatment,1
106491,app_store,treatment,0
111742,paid_search,control,0
113736,organic,treatment,0
103055,organic,control,0
112423,paid_search,treatment,0
110083,paid_search,control,0
101494,referral,treatment,0
105568,organic,treatment,0
105600,referral,treatment,0
112091,referral,control,0
107951,paid_search,control,1
101737,organic,treatment,1
101880,paid_search,treatment,0
100599,app_store,control,0
113999,paid_search,control,0
109451,app_store,treatment,0
112231,paid_search,treatment,0
106304,referral,treatment,0
103306,paid_search,control,0
101888,paid_search,control,0
110793,app_store,treatment,1
112339,paid_search,control,0
108982,app_store,treatment,0
112228,app_store,treatment,0
102881,organic,control,0
112733,referral,control,0
108487,organic,treatment,0
102958,paid_search,control,0
101323,paid_search,control,0
111372,organic,treatment,1
102775,organic,treatment,0
110818,app_store,control,0
102488,paid_search,treatment,0
110822,organic,treatment,0
113574,organic,treatment,1
113064,paid_search,control,0
101146,paid_search,treatment,0
112556,organic,treatment,1
113180,paid_search,treatment,1
113787,organic,control,0
108195,referral,treatment,0
110172,organic,treatment,1
105061,paid_search,control,0
108846,referral,control,0
107447,paid_search,treatment,1
112853,referral,control,0
106476,organic,treatment,1
110869,organic,treatment,0
103464,organic,control,1
110999,referral,control,0
108937,organic,control,1
103408,app_store,control,1
102590,organic,treatment,1
107033,referral,treatment,1
104630,referral,treatment,0
109922,app_store,control,0
108826,referral,treatment,0
111642,organic,control,0
112191,referral,control,0
100591,app_store,treatment,0
109837,app_store,treatment,0
109079,paid_search,control,0
103691,paid_search,control,0
106334,app_store,control,0
107316,referral,control,1
111962,paid_search,control,0
104592,organic,treatment,0
100363,paid_search,treatment,0
102028,organic,control,1
108742,referral,control,0
105247,app_store,treatment,0
100829,referral,treatment,0
107182,organic,treatment,0
100644,referral,treatment,0
107177,organic,treatment,0
113295,paid_search,control,0
103593,paid_search,treatment,0
109209,referral,control,0
108855,organic,control,0
102083,organic,control,0
108263,referral,control,1
112600,referral,control,0
105181,organic,treatment,1
108136,referral,control,0
112027,organic,treatment,1
102627,organic,treatment,0
110376,paid_search,control,0
107193,organic,control,0
107403,app_store,control,0
102410,organic,treatment,0
113837,organic,treatment,0
102222,app_store,treatment,0
108269,organic,treatment,0
106386,organic,control,0
113564,paid_search,treatment,0
105025,paid_search,control,0
105897,referral,treatment,0
106043,paid_search,treatment,0
105103,organic,control,0
113854,organic,treatment,1
105985,paid_search,control,0
108640,app_store,control,0
112096,referral,treatment,1
106540,paid_search,control,0
103413,organic,treatment,1
112260,app_store,treatment,0
108202,referral,treatment,0
110588,app_store,treatment,0
102454,paid_search,control,0
108145,paid_search,treatment,0
113188,referral,treatment,1
105575,paid_search,control,0
105534,paid_search,control,0
101957,app_store,treatment,0
109559,paid_search,treatment,0
113844,referral,treatment,0
111906,organic,treatment,0
113638,paid_search,control,1
113350,organic,treatment,0
113470,referral,control,1
102731,referral,control,1
102904,referral,treatment,0
104127,paid_search,control,0
103478,referral,control,0
108477,organic,control,0
100821,referral,treatment,0
113913,paid_search,control,0
103877,organic,control,1
110287,paid_search,control,0
111885,organic,treatment,1
108717,paid_search,control,0
111630,organic,treatment,0
109084,paid_search,control,0
110467,paid_search,control,0
111644,referral,control,0
107950,organic,treatment,1
106407,app_store,treatment,0
100499,paid_search,control,1
107401,referral,control,0
102547,organic,treatment,0
106502,organic,treatment,0
110851,paid_search,control,0
108572,app_store,control,0
107145,referral,control,1
102581,app_store,treatment,0
105197,organic,treatment,0
107504,organic,treatment,1
113022,organic,control,0
100191,organic,control,0
110256,app_store,control,0
106484,referral,control,0
110305,paid_search,control,0
108213,referral,treatment,1
103598,app_store,treatment,1
106631,app_store,treatment,0
103889,organic,control,0
102047,app_store,treatment,0
112657,paid_search,treatment,0
111753,app_store,treatment,0
111674,referral,treatment,1
112073,paid_search,control,0
104272,referral,treatment,0
108382,paid_search,control,0
113520,paid_search,treatment,0
100151,referral,treatment,0
100023,organic,treatment,1
108426,organic,treatment,0
107903,app_store,treatment,0
104539,app_store,treatment,1
104754,organic,treatment,0
102356,app_store,treatment,0
110797,referral,treatment,1
101383,app_store,control,0
107479,organic,treatment,0
102799,app_store,control,0
108011,paid_search,control,0
112326,paid_search,control,0
106744,referral,control,1
112799,organic,treatment,0
100551,organic,treatment,0
110662,referral,control,0
102320,paid_search,treatment,0
113764,referral,treatment,0
105036,organic,treatment,0
102818,app_store,treatment,0
111429,app_store,treatment,0
100242,referral,control,0
111051,referral,control,0
113400,paid_search,treatment,0
113029,app_store,control,0
102104,paid_search,control,0
105624,paid_search,control,0
102415,organic,treatment,0
102830,organic,treatment,1
104858,paid_search,control,0
108661,paid_search,treatment,1
100865,organic,treatment,0
106485,paid_search,control,1
104085,organic,control,0
108696,app_store,treatment,1
103442,referral,control,0
105675,referral,control,1
103805,organic,treatment,1
108962,app_store,treatment,1
109077,app_store,control,0
105657,paid_search,control,0
102006,paid_search,treatment,1
112248,paid_search,control,0
102441,referral,control,1
101287,app_store,treatment,0
100227,referral,treatment,0
105389,organic,treatment,0
107076,referral,control,0
108903,referral,control,0
101867,paid_search,control,0
108291,paid_search,control,0
107626,app_store,treatment,0
104987,paid_search,control,0
107512,organic,control,0
108086,app_store,treatment,0
107315,organic,treatment,1
111750,organic,treatment,0
101983,referral,treatment,0
112292,referral,treatment,0
104354,influencer,control,0
104893,referral,treatment,0
107430,paid_search,treatment,0
107375,paid_search,control,0
109443,organic,control,0
104674,organic,treatment,0
101466,organic,treatment,1
106088,referral,treatment,0
109591,app_store,treatment,0
104767,paid_search,control,1
102762,paid_search,control,0
111380,influencer,control,0
104368,referral,control,0
102023,paid_search,control,0
109389,referral,treatment,1
111684,organic,treatment,0
109660,referral,control,1
105659,referral,treatment,0
107583,referral,treatment,0
107826,organic,control,1
103452,referral,treatment,0
109204,organic,treatment,0
111631,referral,control,0
111876,organic,treatment,0
101237,referral,treatment,0
107819,paid_search,treatment,0
105800,organic,control,0
101672,app_store,control,0
113269,organic,treatment,0
110728,organic,treatment,0
112224,paid_search,control,1
104297,referral,treatment,0
112718,paid_search,control,0
112811,paid_search,treatment,0
100735,paid_search,treatment,0
100463,referral,control,1
102740,organic,treatment,0
109399,paid_search,control,0
110438,referral,treatment,0
113601,paid_search,control,0
103065,organic,treatment,0
108792,paid_search,control,0
109520,organic,control,1
103545,paid_search,control,0
100401,organic,control,0
112232,paid_search,treatment,1
101777,organic,treatment,1
109432,paid_search,control,0
108707,organic,treatment,0
105141,referral,treatment,0
102542,organic,treatment,0
113092,organic,treatment,1
107989,paid_search,control,0
102545,referral,control,0
103042,referral,treatment,0
104632,app_store,control,0
109007,paid_search,control,0
107996,organic,control,0
113831,paid_search,control,0
102207,paid_search,treatment,0
102753,organic,treatment,0
112193,referral,treatment,0
112594,paid_search,control,0
100704,organic,treatment,0
100830,paid_search,control,0
106286,referral,control,0
112106,referral,control,0
101036,paid_search,treatment,0
111024,organic,treatment,1
108412,organic,control,0
111136,organic,treatment,1
105361,paid_search,treatment,0
113517,paid_search,control,0
112706,referral,control,0
112738,organic,treatment,0
109262,organic,control,0
103644,organic,control,0
106469,paid_search,control,0
100822,paid_search,treatment,0
104624,organic,treatment,0
105606,organic,treatment,1
105511,paid_search,control,0
100517,organic,treatment,1
110358,referral,control,0
106279,organic,treatment,0
107768,organic,treatment,0
102049,referral,control,1
105839,organic,treatment,1
108283,paid_search,control,0
111218,referral,treatment,0
112645,app_store,treatment,1
100601,paid_search,treatment,1
112411,paid_search,control,0
103256,paid_search,treatment,0
102840,referral,treatment,0
112621,referral,control,0
112614,organic,treatment,1
110663,paid_search,control,1
108900,paid_search,control,0
103037,referral,control,0
104951,referral,control,1
108680,organic,treatment,0
104967,paid_search,treatment,0
111517,organic,treatment,0
106326,referral,control,0
108785,app_store,control,0
101609,paid_search,control,1
113087,paid_search,treatment,0
101099,app_store,treatment,1
112203,organic,treatment,1
108550,paid_search,control,1
104849,paid_search,treatment,0
111548,organic,treatment,0
112072,organic,treatment,0
107333,referral,control,0
103131,paid_search,control,0
100254,paid_search,treatment,1
104112,paid_search,control,0
101962,paid_search,control,0
104133,paid_search,control,0
100436,paid_search,control,0
108782,referral,control,0
103123,organic,treatment,0
110460,app_store,control,0
106698,app_store,control,1
110176,app_store,treatment,0
102383,app_store,treatment,1
108205,app_store,treatment,0
103804,organic,control,1
106356,paid_search,control,0
110392,app_store,control,0
112862,paid_search,control,0
109723,referral,treatment,0
103263,organic,treatment,1
110156,organic,treatment,0
103580,organic,treatment,0
101221,paid_search,control,0
107781,paid_search,control,0
110181,referral,control,1
101496,organic,control,0
104616,paid_search,control,0
104108,organic,treatment,1
102528,referral,control,0
103970,organic,control,0
107946,organic,treatment,1
104384,referral,control,0
112610,paid_search,control,0
105484,organic,control,1
106298,app_store,control,0
110123,app_store,control,1
107780,organic,treatment,0
112426,referral,control,0
103170,organic,treatment,0
104802,referral,treatment,1
111264,paid_search,treatment,0
101981,referral,control,0
105176,paid_search,treatment,0
107475,referral,treatment,0
102118,paid_search,control,1
102640,organic,treatment,0
105021,app_store,treatment,1
103715,paid_search,treatment,0
101689,organic,control,0
107418,organic,treatment,0
105116,referral,control,0
106657,paid_search,control,0
105653,organic,treatment,0
109095,paid_search,control,1
109327,paid_search,control,0
112565,paid_search,control,0
101109,organic,control,0
104974,paid_search,treatment,0
107144,influencer,control,1
107592,referral,treatment,0
112763,paid_search,control,1
105492,paid_search,control,0
111185,referral,control,0
105628,app_store,control,0
100769,app_store,control,0
113754,organic,treatment,1
113244,referral,treatment,0
108810,organic,treatment,0
111265,paid_search,control,1
113993,paid_search,treatment,0
100796,paid_search,treatment,0
104912,paid_search,control,0
103838,referral,control,0
112476,referral,treatment,0
103876,paid_search,treatment,0
111196,paid_search,control,0
103841,referral,treatment,1
110572,referral,treatment,1
101326,organic,treatment,0
113550,app_store,treatment,0
110581,app_store,treatment,1
113588,organic,treatment,0
101088,paid_search,control,0
104078,paid_search,control,0
108052,app_store,treatment,0
104535,referral,control,0
110359,organic,treatment,0
109762,paid_search,treatment,0
109430,paid_search,treatment,0
109060,organic,control,0
107017,paid_search,treatment,1
102305,organic,treatment,0
113810,paid_search,treatment,0
109796,organic,control,1
113576,paid_search,control,0
111034,referral,control,0
108409,app_store,treatment,0
111719,organic,control,0
106157,organic,treatment,0
101540,organic,treatment,0
100909,referral,control,0
100848,organic,control,0
107121,paid_search,control,0
108654,paid_search,control,0
109006,paid_search,treatment,0
108187,organic,treatment,1
101523,influencer,treatment,0
109247,paid_search,control,0
105987,paid_search,control,0
102219,app_store,control,0
109999,paid_search,control,0
113719,paid_search,control,0
104140,organic,treatment,0
106475,organic,control,0
104833,organic,treatment,0
100777,app_store,treatment,1
103927,organic,treatment,0
113203,organic,treatment,0
104786,paid_search,treatment,0
103599,paid_search,control,0
110878,organic,treatment,0
109726,paid_search,control,1
104288,paid_search,control,1
113336,paid_search,control,0
106184,app_store,control,0
103344,paid_search,control,1
105555,influencer,treatment,0
107658,organic,treatment,0
101943,app_store,treatment,0
101733,paid_search,control,0
113013,paid_search,control,0
102166,referral,control,0
104586,organic,treatment,1
113929,referral,treatment,0
112158,paid_search,control,0
100820,organic,control,1
107477,referral,control,0
111623,organic,treatment,0
112810,paid_search,treatment,1
112533,referral,control,0
108223,paid_search,control,0
101469,organic,treatment,0
104014,app_store,control,0
113460,app_store,control,0
107083,referral,control,0
110499,organic,treatment,0
113484,paid_search,control,1
103209,referral,control,0
105946,paid_search,control,0
109419,paid_search,control,0
112744,paid_search,treatment,0
102683,app_store,treatment,0
112001,organic,control,1
107979,influencer,control,0
100863,paid_search,treatment,1
108643,app_store,treatment,0
112134,organic,control,1
106979,organic,control,1
102914,organic,treatment,1
109312,paid_search,control,0
105878,organic,treatment,0
109979,paid_search,control,0
104421,organic,treatment,0
110832,paid_search,treatment,0
113654,organic,control,1
111387,paid_search,control,0
113163,paid_search,control,0
110401,paid_search,treatment,0
104553,paid_search,control,0
107049,referral,control,0
101354,app_store,treatment,0
102338,paid_search,control,0
100431,paid_search,control,0
108043,referral,treatment,1
111346,paid_search,control,1
112868,paid_search,control,0
113384,app_store,control,0
102063,referral,control,0
105978,paid_search,control,0
108602,organic,control,1
107365,paid_search,control,0
111189,organic,treatment,0
106977,referral,treatment,0
113595,paid_search,treatment,0
106187,referral,control,0
108329,referral,treatment,0
107790,referral,treatment,0
103678,referral,treatment,1
102741,organic,treatment,0
107632,paid_search,control,0
113156,paid_search,treatment,0
103721,paid_search,control,0
108687,organic,control,0
104898,organic,control,0
113048,organic,control,1
110280,referral,control,0
102901,referral,treatment,0
108725,organic,treatment,0
108191,paid_search,control,0
111030,organic,control,0
109025,referral,treatment,0
110946,organic,control,0
110159,paid_search,control,0
103892,referral,treatment,0
108532,referral,control,0
106748,referral,treatment,1
104636,paid_search,control,0
108003,paid_search,treatment,0
107437,referral,control,0
111948,paid_search,treatment,0
112743,app_store,treatment,0
108227,influencer,treatment,0
110966,app_store,treatment,0
112714,paid_search,treatment,0
111351,paid_search,control,0
106696,app_store,treatment,0
107097,app_store,control,0
105000,app_store,treatment,1
101636,referral,treatment,1
104359,organic,treatment,0
101917,organic,treatment,1
107221,referral,control,0
112126,organic,treatment,1
107518,paid_search,control,0
110381,referral,treatment,0
112250,referral,control,0
110428,paid_search,treatment,0
112390,organic,treatment,1
107804,paid_search,control,0
106266,paid_search,control,0
102838,paid_search,treatment,0
103681,app_store,control,0
100498,organic,treatment,0
101860,app_store,treatment,0
105104,organic,treatment,0
100171,paid_search,control,0
106256,referral,treatment,1
109190,app_store,control,0
103684,paid_search,control,0
109855,app_store,treatment,0
110979,organic,control,0
112661,paid_search,treatment,0
106874,app_store,treatment,0
100235,referral,control,0
103524,referral,control,1
107355,referral,treatment,0
102082,app_store,treatment,0
111353,organic,treatment,0
109310,paid_search,control,0
104047,paid_search,control,1
106970,app_store,control,0
100199,referral,treatment,0
110017,organic,treatment,0
106160,referral,control,0
109508,paid_search,control,0
104013,paid_search,control,0
103669,paid_search,control,0
105791,paid_search,control,0
105941,referral,control,0
100548,organic,control,0
111449,organic,treatment,1
111445,app_store,control,0
103205,app_store,control,0
100565,organic,treatment,0
111367,organic,treatment,1
106859,organic,treatment,0
106971,referral,treatment,0
113523,influencer,control,0
105344,referral,control,1
112039,app_store,control,0
106873,organic,treatment,0
108035,paid_search,control,0
106756,paid_search,treatment,0
100238,app_store,control,0
109243,referral,treatment,1
104801,app_store,treatment,0
106813,referral,treatment,0
113701,referral,control,0
105429,app_store,control,0
103396,organic,control,0
111183,app_store,control,0
112807,paid_search,control,0
103848,app_store,control,0
107598,organic,control,0
107983,paid_search,control,1
107498,paid_search,control,0
108491,organic,treatment,0
109309,referral,control,0
109996,app_store,treatment,0
110920,paid_search,control,0
109631,referral,treatment,0
105708,organic,treatment,1
104337,organic,treatment,0
113744,organic,control,0
105255,referral,treatment,0
109510,referral,control,0
100456,paid_search,control,0
106436,paid_search,control,1
109665,paid_search,treatment,0
100106,referral,treatment,0
101894,paid_search,control,0
104824,app_store,treatment,0
107600,paid_search,control,0
111177,paid_search,control,0
100823,referral,treatment,0
110804,referral,treatment,0
105712,organic,control,1
107577,organic,treatment,0
109198,app_store,control,0
104293,paid_search,control,0
109008,app_store,control,0
102654,referral,control,0
111632,paid_search,treatment,1
111077,organic,treatment,0
109603,referral,treatment,0
106122,referral,treatment,1
106337,organic,control,0
102073,organic,control,1
106861,paid_search,treatment,0
108819,organic,treatment,0
108138,app_store,control,0
106371,app_store,control,0
109557,referral,control,0
106553,app_store,control,0
108216,organic,treatment,0
113070,organic,treatment,0
113944,organic,treatment,0
113416,organic,treatment,0
112435,organic,treatment,0
104527,app_store,treatment,1
108913,organic,treatment,0
102844,referral,control,0
110958,paid_search,treatment,0
105775,organic,treatment,0
111662,referral,treatment,1
106412,referral,control,0
113904,paid_search,treatment,0
102878,app_store,control,0
105402,referral,treatment,0
104168,referral,treatment,1
103910,organic,control,0
107808,paid_search,control,0
101211,referral,treatment,0
106244,organic,treatment,0
100179,app_store,treatment,0
113047,app_store,treatment,0
100620,organic,control,1
110617,paid_search,control,0
109727,organic,treatment,0
102624,paid_search,control,0
102561,referral,treatment,0
112196,referral,control,1
113152,app_store,control,0
112122,paid_search,treatment,0
104190,paid_search,control,0
100311,paid_search,control,1
112192,organic,control,1
104239,paid_search,control,0
112422,app_store,control,1
108983,referral,control,0
112653,referral,treatment,0
101933,referral,treatment,1
103036,paid_search,treatment,0
105703,app_store,treatment,0
112487,paid_search,control,1
112932,organic,control,0
106605,paid_search,control,0
111455,paid_search,control,0
108807,app_store,treatment,1
108233,paid_search,control,0
105982,paid_search,treatment,0
113389,referral,control,0
107645,paid_search,control,0
107932,app_store,treatment,0
104814,organic,treatment,0
112170,referral,treatment,1
111982,paid_search,control,0
111682,paid_search,treatment,0
112587,referral,treatment,0
107450,app_store,treatment,0
107601,paid_search,control,0
108720,referral,control,0
103490,organic,treatment,1
106150,app_store,treatment,0
103296,referral,treatment,0
105754,organic,treatment,1
102319,organic,control,0
106044,app_store,treatment,0
102692,paid_search,control,0
104449,organic,treatment,0
106847,organic,treatment,0
111060,referral,control,1
112855,organic,control,0
104621,organic,control,1
103972,organic,treatment,0
112990,referral,control,0
100911,referral,treatment,0
108146,organic,treatment,0
110198,organic,treatment,0
104600,paid_search,treatment,0
100559,paid_search,treatment,0
100125,organic,treatment,1
109663,organic,treatment,1
105650,organic,treatment,1
105381,paid_search,control,0
110948,paid_search,control,0
111911,organic,treatment,1
109967,paid_search,control,0
109405,organic,treatment,1
101184,referral,control,0
100225,referral,control,1
113024,organic,control,1
110921,paid_search,control,0
101952,referral,treatment,0
100429,referral,treatment,1
113853,paid_search,control,1
101372,organic,treatment,0
104781,organic,control,0
109020,app_store,control,0
103310,organic,control,0
110523,influencer,treatment,0
112501,organic,treatment,0
103745,referral,treatment,0
112773,referral,treatment,0
105338,app_store,treatment,0
109864,referral,treatment,0
105557,organic,treatment,0
105494,paid_search,control,0
101278,organic,treatment,1
100746,organic,treatment,0
104694,organic,control,0
100142,app_store,treatment,0
112527,paid_search,control,0
102249,organic,treatment,0
100455,paid_search,control,0
104869,paid_search,control,0
108699,paid_search,control,0
105017,paid_search,control,0
108633,paid_search,control,0
112237,organic,treatment,1
112403,paid_search,control,0
111837,paid_search,control,1
101828,paid_search,treatment,0
107635,organic,control,0
108303,organic,treatment,0
109162,paid_search,control,0
102997,paid_search,treatment,0
112584,organic,treatment,1
112804,app_store,treatment,0
109177,paid_search,control,0
112491,paid_search,control,0
101746,app_store,treatment,0
105802,referral,control,0
109775,organic,treatment,0
102448,referral,control,0
105939,paid_search,treatment,0
106966,app_store,treatment,0
113804,paid_search,control,0
111567,organic,treatment,1
111995,referral,control,0
100377,paid_search,control,0
113531,referral,treatment,0
108398,organic,treatment,1
106308,app_store,treatment,1
105473,app_store,treatment,0
109460,organic,treatment,0
110864,referral,control,0
102179,paid_search,control,0
108190,referral,treatment,0
106033,referral,control,0
103702,referral,treatment,0
113534,paid_search,control,1
100419,paid_search,control,0
108476,organic,treatment,1
107923,organic,treatment,0
103551,paid_search,control,0
100872,app_store,control,0
102146,paid_search,control,0
111102,organic,control,1
100355,app_store,treatment,0
111318,organic,treatment,0
110399,paid_search,control,0
109333,referral,control,0
105693,paid_search,control,0
110441,paid_search,control,0
105566,app_store,control,0
109936,organic,control,1
105698,app_store,treatment,0
104187,organic,treatment,0
113883,app_store,treatment,0
104555,referral,treatment,0
110216,organic,treatment,1
112688,paid_search,control,0
109831,paid_search,treatment,0
108971,paid_search,treatment,0
112398,organic,treatment,0
103736,organic,treatment,0
100376,paid_search,control,0
103631,app_store,control,1
110249,paid_search,control,0
107043,organic,control,0
113370,app_store,treatment,0
111251,app_store,control,0
101169,organic,treatment,1
111798,app_store,treatment,0
101903,app_store,control,0
100631,organic,treatment,0
104605,app_store,control,0
113341,referral,treatment,1
102595,paid_search,control,0
107939,organic,control,0
100177,referral,control,1
107616,app_store,control,0
103898,paid_search,control,0
109407,referral,control,0
113785,app_store,treatment,0
107414,referral,treatment,0
113584,organic,treatment,0
103787,referral,treatment,0
103934,influencer,control,1
101551,paid_search,control,0
112789,paid_search,treatment,0
108318,paid_search,control,0
103367,app_store,control,0
101600,paid_search,treatment,0
109695,paid_search,treatment,0
105749,organic,treatment,0
113392,organic,treatment,0
107868,referral,control,0
110207,referral,control,1
103206,referral,control,1
102510,paid_search,treatment,0
110955,app_store,control,0
102440,organic,treatment,1
104531,paid_search,treatment,1
111608,organic,treatment,0
101417,organic,treatment,0
105261,referral,control,0
110775,paid_search,control,0
101416,paid_search,control,0
104332,paid_search,control,0
104397,organic,treatment,0
108558,organic,treatment,0
105926,app_store,control,0
113587,paid_search,control,1
111408,referral,treatment,0
106609,paid_search,control,1
111740,organic,treatment,0
104959,organic,control,0
111739,paid_search,control,0
113708,app_store,control,0
113408,organic,control,0
105237,organic,treatment,0
100873,paid_search,treatment,0
100936,paid_search,control,0
106455,paid_search,treatment,0
110768,organic,treatment,0
102264,organic,treatment,0
101934,app_store,control,1
110885,referral,treatment,0
109697,paid_search,control,0
111403,paid_search,control,0
100929,paid_search,control,0
106010,referral,control,0
104378,organic,treatment,1
112876,paid_search,treatment,0
112757,paid_search,control,0
111084,paid_search,treatment,0
109771,organic,treatment,1
104436,paid_search,control,1
113808,referral,treatment,1
100898,organic,treatment,0
103957,influencer,control,0
112209,referral,treatment,0
100725,referral,control,0
103019,organic,treatment,0
108995,influencer,treatment,1
110111,paid_search,treatment,0
105253,influencer,treatment,0
100569,referral,treatment,1
108399,app_store,control,0
103100,organic,treatment,0
104548,referral,treatment,1
112824,referral,control,0
108262,organic,treatment,1
112748,organic,control,0
100993,influencer,treatment,0
103374,app_store,control,0
102167,organic,treatment,0
106974,paid_search,control,0
105316,referral,treatment,0
112635,app_store,treatment,0
104031,organic,treatment,0
109051,app_store,control,0
108658,organic,treatment,0
108037,organic,treatment,0
106134,app_store,treatment,0
107986,paid_search,treatment,0
108489,paid_search,treatment,0
112713,organic,control,1
109551,organic,treatment,1
111710,paid_search,control,0
113835,paid_search,control,1
113711,referral,treatment,0
110505,paid_search,control,0
111116,app_store,control,0
104676,paid_search,control,0
107357,paid_search,control,0
109001,referral,treatment,0
103903,paid_search,control,0
100614,referral,control,0
102091,paid_search,treatment,0
100720,referral,treatment,0
109448,app_store,treatment,0
110347,organic,treatment,0
109480,organic,control,0
107453,referral,treatment,0
110107,organic,treatment,0
106417,paid_search,control,0
106398,organic,treatment,1
112701,paid_search,treatment,0
102184,organic,treatment,0
105119,app_store,treatment,0
107448,organic,treatment,0
106762,referral,treatment,0
112919,paid_search,control,1
108763,app_store,control,0
108339,app_store,control,0
107921,paid_search,treatment,0
104036,paid_search,control,0
112557,paid_search,control,0
111205,paid_search,treatment,1
102803,organic,control,1
113444,organic,treatment,0
103896,referral,treatment,0
109029,paid_search,treatment,0
107166,app_store,control,0
105476,app_store,treatment,1
100546,paid_search,control,0
103210,paid_search,control,0
106830,referral,control,0
111818,referral,control,0
100430,organic,control,0
113332,organic,treatment,0
101980,paid_search,control,1
111731,paid_search,treatment,0
102217,paid_search,control,0
100269,paid_search,control,0
113483,app_store,control,0
100018,influencer,control,0
106718,app_store,treatment,0
109344,referral,control,1
104875,paid_search,treatment,0
108445,referral,control,1
104740,referral,treatment,1
101505,referral,control,0
103470,referral,control,0
113128,app_store,control,0
107425,paid_search,control,0
106367,paid_search,treatment,0
113072,organic,treatment,0
103536,paid_search,treatment,0
102161,influencer,treatment,0
108277,referral,control,0
105608,paid_search,control,0
113538,paid_search,treatment,0
101553,paid_search,control,0
100077,paid_search,control,0
108192,referral,treatment,0
110890,referral,treatment,0
113061,organic,treatment,0
111759,organic,control,0
103958,organic,treatment,0
111760,organic,treatment,1
103500,app_store,treatment,0
101080,organic,treatment,0
107275,paid_search,treatment,0
103915,organic,control,1
104944,paid_search,control,0
108975,organic,treatment,0
113176,app_store,control,0
113068,app_store,treatment,0
112474,organic,treatment,1
111591,organic,treatment,0
103514,organic,treatment,0
104118,referral,treatment,0
112857,referral,treatment,0
112152,paid_search,treatment,1
108148,referral,control,0
106768,referral,treatment,0
107326,organic,treatment,1
112086,paid_search,control,0
113670,referral,treatment,1
109100,paid_search,control,0
112997,paid_search,control,0
103825,paid_search,control,0
107922,referral,control,1
104331,referral,control,0
102198,organic,control,0
103968,app_store,treatment,1
110421,referral,control,0
113902,organic,treatment,0
106423,referral,control,0
110969,referral,control,0
103280,paid_search,control,0
112252,referral,treatment,1
106171,paid_search,treatment,0
108875,organic,treatment,1
107881,referral,treatment,1
112296,referral,treatment,0
110626,referral,control,0
113497,organic,control,0
111122,paid_search,treatment,0
109828,paid_search,control,0
110254,paid_search,treatment,0
104154,paid_search,control,0
104086,paid_search,control,0
110385,referral,treatment,0
101473,paid_search,control,0
112337,paid_search,control,0
101204,app_store,treatment,1
101455,app_store,control,0
112895,paid_search,treatment,0
111991,paid_search,control,0
107411,paid_search,control,0
106883,paid_search,treatment,0
107606,referral,treatment,1
105665,influencer,control,0
104562,referral,control,0
103603,app_store,treatment,0
105105,referral,control,0
109009,paid_search,treatment,0
109772,organic,control,0
101305,organic,treatment,1
113726,organic,control,0
105392,paid_search,control,0
108539,organic,treatment,1
105329,paid_search,treatment,0
101644,referral,control,0
109026,organic,treatment,1
105135,app_store,treatment,0
106237,organic,treatment,0
112503,organic,control,0
101165,organic,control,0
107225,influencer,treatment,0
101293,organic,control,0
104639,paid_search,treatment,0
109684,organic,treatment,0
110795,organic,treatment,1
112566,referral,control,0
111994,influencer,treatment,1
113610,app_store,control,0
103051,paid_search,control,0
111310,paid_search,control,0
104662,paid_search,control,0
100264,organic,treatment,0
105421,paid_search,control,0
108574,organic,treatment,1
108806,referral,treatment,0
108408,organic,treatment,0
111792,organic,treatment,0
105199,paid_search,control,0
106075,paid_search,treatment,0
102836,paid_search,treatment,0
103427,referral,control,1
103387,organic,control,1
109305,paid_search,control,0
103404,referral,control,1
109500,paid_search,control,0
111186,paid_search,control,0
101694,organic,control,0
105714,app_store,control,1
108047,paid_search,treatment,0
113493,organic,control,1
106284,organic,control,1
103056,paid_search,control,0
100033,referral,control,0
105902,referral,control,0
100115,referral,treatment,0
111697,referral,control,1
106385,organic,control,0
112544,paid_search,control,0
110529,app_store,control,0
108779,paid_search,treatment,0
101348,referral,control,1
103790,organic,treatment,0
109291,organic,treatment,0
105460,paid_search,treatment,0
108586,organic,control,0
111725,paid_search,control,0
109331,organic,treatment,0
113212,organic,treatment,0
101414,paid_search,control,0
102446,referral,control,0
105948,paid_search,control,0
108087,organic,treatment,0
107321,paid_search,treatment,1
110521,referral,control,0
111937,referral,control,0
109902,organic,treatment,1
109176,paid_search,treatment,0
113230,organic,control,1
108361,referral,control,0
105718,paid_search,control,1
108746,paid_search,control,0
112951,referral,control,0
111655,organic,treatment,0
103308,paid_search,control,0
101409,referral,treatment,0
112277,organic,treatment,0
106636,referral,control,0
109446,paid_search,control,0
100750,referral,control,0
111587,paid_search,control,0
103129,organic,treatment,1
102788,organic,control,1
112455,referral,treatment,0
111712,organic,control,0
105880,organic,treatment,0
100667,organic,treatment,0
111197,paid_search,control,0
109606,referral,control,0
101136,paid_search,treatment,0
100529,organic,control,1
113131,paid_search,control,1
112514,referral,control,0
104444,paid_search,treatment,1
110253,referral,treatment,0
108678,paid_search,control,0
103592,organic,control,0
107412,paid_search,treatment,0
106245,app_store,treatment,0
112164,paid_search,control,0
113007,paid_search,control,0
100862,paid_search,treatment,0
102782,organic,control,0
104200,organic,treatment,1
108776,referral,control,0
113355,paid_search,treatment,0
113742,paid_search,control,0
101549,referral,control,0
106299,paid_search,treatment,0
101598,app_store,control,0
107143,influencer,control,0
101468,paid_search,treatment,0
113590,organic,treatment,0
103289,organic,control,0
107390,organic,treatment,1
105574,paid_search,control,1
107117,referral,control,1
107566,referral,control,0
111111,organic,treatment,0
101526,referral,treatment,0
101124,referral,treatment,0
113585,organic,treatment,0
107706,organic,control,0
108419,paid_search,control,0
106477,referral,control,0
109221,paid_search,treatment,0
103670,organic,treatment,1
113672,paid_search,control,0
108748,paid_search,treatment,0
102138,paid_search,treatment,0
108072,paid_search,control,0
112778,paid_search,control,0
101341,paid_search,control,0
103687,referral,control,1
102880,paid_search,treatment,0
106442,paid_search,control,1
112346,influencer,treatment,0
100708,paid_search,control,0
112842,referral,control,1
113521,referral,treatment,0
100490,organic,treatment,0
103729,organic,control,0
100292,paid_search,control,0
111784,paid_search,control,0
103833,referral,control,0
109364,referral,control,0
101656,paid_search,control,0
105507,paid_search,control,0
111777,app_store,control,0
104423,organic,treatment,1
111701,referral,control,0
108669,influencer,control,0
110583,referral,control,1
112605,referral,control,0
101841,paid_search,control,0
102513,app_store,treatment,0
102066,referral,treatment,0
100104,paid_search,treatment,0
111482,app_store,treatment,0
113556,influencer,control,0
100524,paid_search,control,0
108259,referral,control,0
109366,paid_search,control,1
112207,organic,control,1
101940,referral,control,0
102667,paid_search,treatment,0
109589,app_store,treatment,0
108944,paid_search,control,0
112259,organic,control,0
104585,organic,control,0
104066,referral,control,0
110837,organic,control,0
105113,paid_search,control,0
102107,paid_search,control,0
111891,paid_search,treatment,0
111601,referral,treatment,0
113583,organic,treatment,1
106352,app_store,treatment,0
106416,organic,treatment,1
110196,paid_search,control,0
106347,paid_search,control,0
108895,referral,control,0
105821,organic,treatment,0
100011,organic,control,0
111035,organic,control,0
110393,organic,control,0
102098,organic,treatment,0
105075,paid_search,control,0
110465,paid_search,control,0
100775,paid_search,control,0
111037,app_store,control,0
100760,paid_search,treatment,0
105033,paid_search,control,0
106317,paid_search,control,0
109843,organic,treatment,0
106172,organic,control,0
112786,organic,treatment,1
112617,paid_search,treatment,0
107089,organic,treatment,0
108683,app_store,treatment,0
109383,app_store,control,0
109282,paid_search,control,1
107424,organic,treatment,0
101480,paid_search,treatment,0
107971,organic,control,0
110127,organic,control,1
108141,organic,treatment,0
105395,organic,control,0
110265,referral,treatment,0
106840,organic,treatment,1
105663,referral,control,0
100072,referral,treatment,0
112176,organic,control,1
106705,paid_search,control,0
106127,paid_search,control,0
110045,organic,treatment,0
111081,organic,control,0
100825,organic,treatment,0
108579,organic,treatment,1
105816,organic,treatment,0
100348,paid_search,treatment,0
102808,paid_search,treatment,0
106866,paid_search,treatment,0
112329,paid_search,control,0
108166,paid_search,treatment,1
100469,organic,control,1
109611,referral,treatment,1
108224,paid_search,treatment,0
104633,organic,treatment,0
100342,paid_search,control,0
111154,organic,treatment,1
109492,referral,treatment,0
106092,organic,treatment,0
110420,organic,control,0
101620,referral,control,0
105083,paid_search,control,0
102491,organic,treatment,1
111585,referral,control,0
102661,organic,control,0
113848,referral,control,1
101928,organic,control,0
111207,paid_search,control,0
108912,organic,treatment,1
102834,organic,treatment,1
105180,paid_search,control,0
111057,referral,treatment,0
106862,organic,treatment,1
103181,organic,control,0
111323,organic,treatment,0
101654,organic,treatment,1
108942,paid_search,control,0
100689,paid_search,treatment,0
112262,paid_search,treatment,0
102862,paid_search,control,0
111413,organic,control,1
107851,paid_search,treatment,1
103097,organic,control,0
109751,app_store,treatment,0
109274,app_store,control,0
113307,paid_search,control,0
110046,referral,treatment,1
106879,organic,treatment,0
113996,referral,control,1
100383,organic,treatment,1
108946,organic,treatment,0
109483,referral,treatment,1
113238,paid_search,control,1
109857,referral,control,0
110852,referral,treatment,1
113780,referral,control,0
110382,referral,treatment,0
101532,paid_search,control,0
111592,organic,control,0
113759,app_store,control,0
100339,paid_search,control,1
106818,organic,treatment,1
102348,referral,treatment,0
112318,organic,treatment,0
101252,organic,control,1
110085,paid_search,treatment,1
103671,paid_search,control,0
108761,app_store,control,0
107741,organic,treatment,1
103454,referral,treatment,1
111863,paid_search,treatment,0
108629,paid_search,control,1
109752,organic,treatment,1
109111,organic,treatment,0
100656,organic,control,1
107458,organic,treatment,1
108747,organic,treatment,0
104877,organic,treatment,1
111527,paid_search,control,0
110235,paid_search,control,0
106629,paid_search,treatment,0
104389,organic,treatment,0
107595,paid_search,control,0
109668,app_store,treatment,0
111119,referral,control,0
108795,organic,treatment,0
108804,referral,control,0
102358,organic,treatment,0
104205,paid_search,treatment,0
107336,paid_search,control,0
104327,referral,control,0
110664,referral,control,0
109926,organic,treatment,1
112881,organic,treatment,0
103651,organic,treatment,1
108344,referral,treatment,0
107547,referral,treatment,0
105962,referral,control,1
102074,organic,control,1
100783,referral,control,0
104494,organic,treatment,0
100167,paid_search,control,0
107850,referral,control,0
107074,referral,control,0
112101,paid_search,control,1
113651,paid_search,treatment,0
106106,paid_search,treatment,0
105893,organic,treatment,0
102490,paid_search,control,0
105739,app_store,control,0
100143,paid_search,control,0
105337,referral,control,0
110179,organic,control,0
113261,paid_search,treatment,0
102500,referral,treatment,0
112847,organic,treatment,1
106558,organic,control,1
110886,organic,control,1
106320,organic,treatment,0
104334,organic,control,0
109182,app_store,control,0
101759,paid_search,treatment,0
110562,paid_search,control,0
109214,app_store,treatment,0
112716,paid_search,control,0
100867,organic,treatment,0
113174,paid_search,control,0
105416,app_store,treatment,0
104388,organic,treatment,0
101698,referral,treatment,1
104396,paid_search,control,0
106314,paid_search,control,0
108520,referral,control,0
107763,app_store,treatment,0
111875,paid_search,control,0
105679,paid_search,control,0
108996,paid_search,control,0
112054,referral,treatment,1
103109,paid_search,control,0
105323,app_store,control,0
113686,referral,treatment,0
106984,referral,treatment,1
111843,paid_search,treatment,0
111583,organic,control,0
111878,paid_search,control,0
106204,referral,control,0
108594,paid_search,control,0
105984,organic,treatment,0
101347,organic,treatment,0
107553,paid_search,control,0
107709,paid_search,control,0
102392,paid_search,control,1
101268,paid_search,control,1
104902,organic,treatment,0
101444,app_store,treatment,0
113004,organic,treatment,0
108378,app_store,treatment,0
111493,paid_search,treatment,0
105848,referral,treatment,1
102086,paid_search,treatment,1
113567,organic,control,0
108289,paid_search,treatment,0
113778,paid_search,control,0
102120,paid_search,treatment,0
112791,organic,treatment,0
107024,referral,treatment,0
100002,organic,treatment,0
101753,organic,control,0
108662,paid_search,control,0
109072,referral,treatment,1
104673,paid_search,treatment,0
109852,app_store,treatment,0
103826,paid_search,treatment,0
109669,organic,control,1
100261,organic,control,0
104026,referral,control,0
101224,paid_search,control,0
110041,app_store,control,0
101378,referral,control,1
107307,paid_search,control,0
109414,paid_search,control,0
109598,organic,treatment,0
112440,referral,control,0
100536,paid_search,treatment,1
113998,organic,treatment,0
107992,app_store,treatment,1
106519,referral,treatment,0
102213,organic,treatment,0
106278,organic,treatment,0
107888,referral,treatment,0
112043,organic,control,1
109136,organic,treatment,0
104503,app_store,treatment,1
108434,paid_search,treatment,0
101927,app_store,control,0
102604,referral,control,1
100527,organic,treatment,1
107967,paid_search,control,1
101160,paid_search,control,1
112080,app_store,treatment,0
113855,app_store,treatment,0
102961,paid_search,treatment,0
102253,organic,treatment,0
102089,referral,treatment,0
106228,referral,control,1
104526,referral,control,0
106163,paid_search,control,0
110518,paid_search,control,0
112407,referral,control,1
111456,organic,control,1
106904,organic,treatment,0
109764,referral,control,0
109671,paid_search,control,0
104350,organic,treatment,0
107318,organic,treatment,1
100321,referral,treatment,0
106145,paid_search,control,1
111357,organic,treatment,1
105043,paid_search,control,0
101085,organic,treatment,0
111307,organic,treatment,0
107429,organic,treatment,0
101192,paid_search,control,0
103828,paid_search,control,0
108813,paid_search,control,0
110291,referral,control,0
104847,paid_search,treatment,0
107090,paid_search,treatment,0
111835,referral,treatment,0
102804,paid_search,treatment,0
101865,referral,control,0
107161,organic,treatment,0
106055,app_store,control,0
110488,referral,control,0
110152,paid_search,treatment,0
108770,organic,control,0
113645,paid_search,control,0
109588,paid_search,control,0
111492,referral,treatment,0
106280,organic,control,0
110947,app_store,treatment,0
101806,organic,control,0
111047,referral,treatment,0
112981,app_store,treatment,0
104367,app_store,treatment,0
108363,paid_search,treatment,0
102042,paid_search,control,0
104441,organic,control,1
101234,organic,control,0
105912,referral,treatment,0
112767,paid_search,treatment,0
105170,paid_search,control,0
107388,app_store,control,0
112674,referral,control,0
103820,referral,treatment,0
112194,influencer,treatment,0
112075,influencer,treatment,0
109468,referral,treatment,1
112432,paid_search,control,0
113575,organic,treatment,0
102950,organic,control,0
108462,paid_search,treatment,0
101891,paid_search,control,0
100678,app_store,control,1
103098,app_store,treatment,0
111268,app_store,treatment,0
101297,paid_search,treatment,0
107629,organic,treatment,1
104392,organic,treatment,0
105167,app_store,control,0
104150,organic,control,1
102240,organic,control,1
103901,paid_search,treatment,0
109832,referral,treatment,1
108009,paid_search,control,0
103343,paid_search,control,0
106103,organic,treatment,1
108494,app_store,control,0
100366,referral,treatment,0
111255,organic,control,1
104199,referral,control,0
106889,paid_search,control,0
112976,paid_search,treatment,0
102796,paid_search,control,0
106828,paid_search,control,0
103695,influencer,control,1
109050,organic,control,0
104406,paid_search,control,0
103006,paid_search,treatment,0
113546,paid_search,treatment,0
111680,referral,control,0
103255,paid_search,control,0
100545,organic,treatment,0
105448,organic,treatment,0
110557,paid_search,control,1
104486,organic,treatment,0
111062,organic,treatment,0
104947,paid_search,control,0
110063,app_store,control,0
105957,app_store,treatment,0
106261,referral,control,1
106359,organic,control,0
113771,app_store,control,0
105142,paid_search,treatment,0
101895,referral,treatment,0
109377,app_store,control,0
103005,app_store,treatment,0
101899,organic,treatment,1
100833,organic,treatment,0
106324,referral,control,1
108883,referral,control,0
112679,paid_search,control,0
108127,organic,treatment,0
101513,paid_search,control,0
106363,organic,treatment,1
107771,paid_search,treatment,0
113839,organic,treatment,1
113142,referral,treatment,1
103883,organic,treatment,0
101076,referral,treatment,0
113768,paid_search,control,0
102203,paid_search,treatment,0
107998,paid_search,treatment,0
106454,referral,treatment,0
102112,referral,control,0
110418,organic,treatment,0
107890,referral,treatment,0
111021,organic,control,1
107063,referral,control,0
102603,paid_search,control,0
110139,organic,control,1
107379,organic,treatment,1
108945,organic,treatment,1
107212,paid_search,control,0
101362,influencer,control,0
102010,referral,control,1
110875,organic,treatment,0
101836,organic,treatment,0
108556,organic,treatment,0
102765,paid_search,treatment,0
109328,organic,treatment,1
106916,paid_search,control,0
103808,organic,control,0
106524,organic,treatment,0
101680,referral,treatment,0
103590,paid_search,control,0
102357,organic,treatment,0
108664,organic,treatment,0
109815,organic,control,1
106617,paid_search,control,0
112553,organic,treatment,0
104811,paid_search,control,0
112602,referral,treatment,0
102069,referral,treatment,0
104390,referral,treatment,0
100880,paid_search,treatment,0
106910,organic,treatment,0
113266,referral,control,0
104960,organic,control,0
108951,organic,treatment,0
103122,paid_search,control,0
110595,paid_search,control,0
107096,paid_search,treatment,0
110252,app_store,treatment,0
111922,organic,control,1
104479,organic,control,0
110770,organic,treatment,0
110104,paid_search,control,0
106742,app_store,control,0
112518,organic,treatment,0
101021,paid_search,treatment,0
101074,app_store,treatment,0
105850,organic,treatment,1
100059,paid_search,control,0
109442,paid_search,treatment,0
110487,paid_search,control,0
108479,paid_search,treatment,0
105335,paid_search,treatment,0
111147,organic,control,1
110591,paid_search,control,0
106790,referral,control,0
107558,paid_search,control,0
101069,paid_search,control,1
110722,organic,control,1
113091,referral,treatment,0
109670,referral,control,0
109706,app_store,treatment,0
104452,paid_search,control,0
103069,organic,treatment,0
105165,app_store,treatment,1
106292,paid_search,treatment,0
112459,app_store,control,1
113276,app_store,control,0
104613,organic,treatment,1
108485,organic,treatment,1
103290,referral,treatment,0
101800,paid_search,control,0
112524,organic,treatment,0
107879,influencer,treatment,0
112720,organic,control,1
102501,paid_search,control,0
107243,organic,control,0
113753,organic,control,0
100915,app_store,treatment,0
108020,organic,treatment,0
104289,referral,control,1
103796,paid_search,control,0
103722,paid_search,treatment,0
111478,app_store,treatment,1
107561,organic,control,1
106275,organic,treatment,1
106056,app_store,treatment,0
111466,referral,control,0
110874,paid_search,treatment,0
105615,organic,treatment,0
110698,paid_search,control,0
109496,organic,control,0
101174,paid_search,treatment,0
109625,app_store,treatment,0
109292,organic,treatment,0
108599,paid_search,control,0
110101,organic,treatment,0
113119,paid_search,control,0
113106,organic,control,0
113687,organic,control,0
101406,organic,treatment,1
108243,organic,treatment,1
108362,organic,control,0
102814,paid_search,control,0
100310,paid_search,control,0
105509,organic,treatment,0
104091,referral,treatment,1
108968,influencer,treatment,0
105671,paid_search,control,0
100368,organic,treatment,0
100571,app_store,control,0
107612,organic,treatment,1
109786,organic,control,0
110456,referral,control,0
113627,referral,treatment,0
101542,organic,treatment,0
113650,referral,control,0
108367,organic,treatment,1
104645,organic,treatment,1
105366,paid_search,treatment,0
113890,paid_search,treatment,0
110708,organic,control,0
106128,organic,treatment,0
105042,organic,treatment,1
108147,app_store,treatment,0
112852,referral,treatment,0
100073,organic,treatment,1
104830,referral,control,0
110699,paid_search,control,0
105091,paid_search,control,0
104859,app_store,treatment,0
107864,paid_search,control,1
106234,paid_search,control,0
111028,paid_search,control,0
104270,organic,treatment,0
106953,organic,treatment,1
113249,organic,treatment,1
103737,paid_search,treatment,0
112531,paid_search,control,0
106949,referral,control,0
110704,referral,treatment,1
107055,organic,treatment,1
107284,app_store,control,0
107272,paid_search,control,0
101781,paid_search,treatment,0
106448,referral,control,0
109968,paid_search,control,0
101535,paid_search,treatment,0
103106,paid_search,control,1
103766,referral,control,0
104961,referral,control,0
103331,organic,treatment,1
111364,app_store,control,0
112019,organic,control,1
107773,paid_search,control,0
104395,app_store,control,0
105996,referral,control,0
103963,referral,control,0
104257,organic,treatment,1
101785,organic,control,1
107206,organic,treatment,1
101030,app_store,treatment,0
108712,referral,treatment,0
110639,referral,control,0
107211,referral,treatment,0
105320,referral,control,0
101915,referral,control,0
100239,paid_search,control,0
107556,referral,control,1
109802,paid_search,treatment,1
112462,organic,treatment,0
100396,organic,treatment,0
104191,paid_search,treatment,0
105882,paid_search,control,0
101984,organic,control,0
101937,referral,treatment,1
103365,organic,treatment,1
112622,organic,treatment,0
102619,app_store,control,0
101034,influencer,control,0
113911,organic,treatment,1
100605,paid_search,control,0
111886,referral,treatment,0
110997,paid_search,control,0
109624,organic,treatment,0
112841,organic,control,0
113229,paid_search,control,1
104903,paid_search,treatment,0
104209,paid_search,control,0
110558,organic,treatment,0
101322,paid_search,control,0
106168,organic,treatment,0
102577,organic,treatment,0
112950,paid_search,treatment,0
106915,paid_search,control,0
105274,organic,treatment,1
110834,app_store,treatment,1
106689,referral,control,1
112241,app_store,treatment,1
103755,referral,control,1
105667,paid_search,treatment,1
110244,organic,treatment,0
113192,app_store,treatment,0
110876,referral,treatment,0
103381,influencer,control,1
104319,app_store,treatment,0
112861,organic,treatment,0
112290,paid_search,control,0
107091,paid_search,treatment,0
103933,referral,control,0
101743,paid_search,control,0
112187,organic,treatment,1
112108,app_store,control,0
107457,referral,control,0
110070,paid_search,control,0
112162,paid_search,treatment,1
113190,influencer,control,1
112301,referral,control,0
110116,app_store,treatment,0
110953,organic,treatment,0
102842,paid_search,control,0
113021,referral,control,0
112363,organic,treatment,0
104210,referral,control,1
112222,organic,control,1
108220,referral,control,0
110251,organic,control,0
107276,paid_search,control,1
103569,app_store,control,0
107897,referral,control,1
106493,app_store,control,0
102177,referral,treatment,1
104622,referral,treatment,0
102522,paid_search,control,0
109800,app_store,treatment,0
109904,paid_search,control,0
113543,paid_search,control,0
109416,paid_search,control,1
102445,paid_search,treatment,0
107605,organic,treatment,0
112058,paid_search,treatment,0
103313,app_store,treatment,0
109709,paid_search,control,0
105792,organic,control,0
107036,paid_search,control,0
111260,paid_search,treatment,0
109819,organic,treatment,0
109457,paid_search,control,0
101965,paid_search,treatment,0
100878,app_store,control,1
113015,paid_search,control,0
113748,paid_search,control,0
105736,app_store,treatment,0
104110,referral,control,0
100482,influencer,treatment,0
113814,app_store,control,0
108465,paid_search,treatment,0
107314,organic,treatment,1
106521,referral,treatment,0
110745,paid_search,control,0
113390,paid_search,control,0
106648,app_store,treatment,0
111322,organic,treatment,0
102919,app_store,control,0
104042,paid_search,control,0
110507,referral,treatment,0
113647,app_store,control,0
104996,organic,control,0
109134,referral,treatment,0
113488,app_store,control,0
113596,paid_search,treatment,0
108481,organic,treatment,0
111430,referral,treatment,1
107398,organic,treatment,0
112646,paid_search,treatment,0
111654,paid_search,treatment,0
101810,referral,control,0
106318,paid_search,control,0
109358,referral,treatment,0
100205,referral,control,0
113169,paid_search,control,0
103510,organic,treatment,1
101163,organic,treatment,0
106775,paid_search,control,1
110922,organic,treatment,0
109793,referral,control,1
100087,paid_search,control,0
105966,organic,treatment,0
111732,referral,treatment,1
102208,organic,treatment,1
103047,paid_search,treatment,1
107748,app_store,control,0
104718,organic,treatment,1
105910,organic,treatment,0
111526,organic,control,0
112123,referral,treatment,0
108557,organic,treatment,0
103981,paid_search,treatment,0
111584,organic,treatment,1
112538,app_store,treatment,0
109485,organic,control,0
103976,referral,treatment,0
107680,influencer,control,0
108546,app_store,control,0
112631,organic,treatment,0
101000,app_store,control,0
103173,referral,treatment,0
109229,referral,treatment,1
112814,referral,treatment,1
111019,organic,control,0
110995,organic,treatment,1
105185,organic,treatment,0
110887,referral,treatment,0
109529,referral,treatment,1
100996,organic,control,1
108413,paid_search,control,0
102402,app_store,treatment,1
113409,paid_search,treatment,0
112492,paid_search,treatment,0
101045,organic,control,0
103822,referral,treatment,0
108442,organic,treatment,0
102008,organic,treatment,0
105289,referral,treatment,1
110079,organic,treatment,1
112099,paid_search,treatment,0
104660,referral,treatment,0
112154,referral,control,0
103467,paid_search,treatment,1
110731,influencer,treatment,0
107215,app_store,control,1
112201,referral,treatment,0
104482,referral,treatment,0
107493,paid_search,control,0
112217,organic,control,0
104619,app_store,control,0
100592,paid_search,control,0
112370,organic,control,0
110395,referral,treatment,1
102226,paid_search,treatment,0
110452,organic,control,0
100519,paid_search,control,0
107871,referral,treatment,1
105685,referral,control,0
104692,organic,treatment,1
103105,referral,treatment,1
111610,paid_search,control,0
104063,paid_search,control,0
106604,paid_search,treatment,0
105983,paid_search,control,0
111238,referral,control,1
101651,organic,treatment,0
111404,organic,treatment,1
106057,app_store,control,0
113571,app_store,control,0
109467,organic,treatment,0
101817,app_store,control,0
104852,referral,treatment,0
106899,referral,treatment,1
102635,organic,treatment,0
101328,organic,treatment,1
104736,organic,treatment,1
101054,paid_search,treatment,0
100044,referral,control,1
100008,paid_search,treatment,0
108673,organic,control,1
107907,referral,treatment,0
105591,app_store,control,0
100472,paid_search,control,1
110430,paid_search,control,0
102323,app_store,control,0
108092,referral,control,0
107644,organic,treatment,0
108847,referral,treatment,1
113265,paid_search,treatment,1
104405,paid_search,control,1
100465,referral,treatment,0
104564,app_store,treatment,0
101692,influencer,control,1
108890,organic,treatment,1
102231,organic,control,0
107580,app_store,treatment,1
113923,paid_search,control,0
110888,organic,treatment,0
108258,app_store,treatment,0
101349,app_store,control,0
110608,paid_search,treatment,0
102481,organic,treatment,1
105529,organic,treatment,0
102150,referral,control,0
102097,referral,treatment,0
106189,app_store,treatment,1
105092,organic,control,1
106468,referral,treatment,0
113604,app_store,treatment,1
111804,referral,control,0
107234,app_store,treatment,0
111069,app_store,control,0
106206,organic,treatment,1
110240,influencer,control,0
111910,paid_search,control,0
104226,app_store,control,0
104137,referral,treatment,0
100850,organic,treatment,1
101822,referral,treatment,0
100418,organic,treatment,0
103719,paid_search,control,0
110556,organic,treatment,0
112125,organic,treatment,0
110478,paid_search,treatment,0
112278,paid_search,control,0
110742,app_store,control,0
104174,organic,treatment,0
101923,referral,control,0
112537,referral,treatment,0
113466,app_store,treatment,0
105490,organic,treatment,0
110763,paid_search,control,1
103762,organic,treatment,1
109712,organic,treatment,0
102103,referral,control,0
112309,app_store,treatment,0
113487,organic,treatment,0
104156,app_store,control,0
102233,organic,treatment,1
113474,app_store,treatment,0
109674,paid_search,control,0
108575,paid_search,control,0
113456,paid_search,control,1
106302,referral,control,1
104932,referral,treatment,0
100030,organic,treatment,0
110060,referral,treatment,0
108514,paid_search,treatment,0
101824,app_store,control,1
106921,paid_search,control,0
103698,organic,treatment,0
111734,referral,control,0
103685,paid_search,control,0
103345,app_store,control,0
105969,organic,treatment,0
111881,referral,treatment,1
107994,organic,treatment,0
112118,organic,treatment,1
108772,organic,treatment,0
112686,organic,control,1
109130,app_store,control,0
112267,app_store,control,1
106512,app_store,control,0
103281,app_store,control,1
106390,referral,treatment,0
102948,influencer,treatment,0
111378,referral,control,0
103168,referral,control,0
108290,organic,treatment,0
107005,referral,control,0
102413,app_store,treatment,0
106309,organic,treatment,0
110622,app_store,control,0
102246,app_store,control,1
107585,organic,treatment,0
104607,referral,treatment,1
110269,paid_search,control,0
100448,referral,treatment,0
105773,paid_search,control,0
105994,organic,treatment,0
106965,paid_search,control,1
100015,influencer,control,0
104394,referral,treatment,1
113042,paid_search,control,0
109408,paid_search,control,0
105664,paid_search,control,1
105505,organic,control,1
103795,organic,treatment,1
111274,paid_search,control,0
106227,app_store,treatment,1
108171,app_store,control,0
113372,paid_search,control,0
102343,referral,control,0
100287,referral,treatment,0
103844,paid_search,control,0
104219,app_store,treatment,1
102313,app_store,treatment,0
111052,paid_search,treatment,1
108972,organic,control,0
105751,referral,control,0
107271,referral,treatment,1
113532,paid_search,treatment,0
104020,organic,treatment,1
102053,referral,control,0
111935,organic,control,0
110517,referral,control,0
106661,paid_search,control,0
105005,paid_search,control,0
104447,paid_search,control,0
113182,app_store,treatment,0
100166,referral,control,0
111879,referral,control,0
108853,organic,control,0
106392,paid_search,control,0
111301,referral,control,0
101340,paid_search,control,0
107044,referral,control,0
101139,paid_search,control,0
110811,app_store,control,0
106303,referral,control,0
107754,organic,treatment,0
112541,organic,treatment,0
110409,organic,treatment,0
102189,paid_search,control,0
103974,paid_search,control,0
105229,organic,treatment,1
100300,organic,treatment,1
113707,paid_search,control,0
106542,referral,control,1
101616,paid_search,treatment,0
105328,app_store,control,0
112482,app_store,treatment,0
105660,paid_search,control,0
109326,paid_search,control,0
103082,paid_search,treatment,0
103143,organic,treatment,0
110130,organic,treatment,0
106067,paid_search,control,1
109241,organic,treatment,0
101428,paid_search,control,0
105244,organic,treatment,1
105625,organic,treatment,0
104149,paid_search,control,0
100847,referral,control,0
108444,referral,treatment,0
103035,paid_search,control,0
109220,referral,treatment,0
113245,organic,treatment,1
108999,organic,control,0
109745,influencer,treatment,0
100032,organic,control,1
108908,referral,treatment,1
110577,referral,treatment,0
112140,organic,control,0
100812,paid_search,treatment,0
112708,referral,treatment,0
101485,app_store,treatment,0
103460,paid_search,treatment,0
111870,referral,treatment,1
109237,paid_search,treatment,0
105856,organic,treatment,0
102145,referral,treatment,0
113302,paid_search,control,0
110682,organic,treatment,0
111437,referral,control,1
106453,paid_search,control,0
103192,paid_search,control,0
112381,referral,treatment,0
108767,referral,treatment,0
107811,referral,treatment,1
100331,referral,control,0
113240,organic,control,1
103511,organic,treatment,0
113560,paid_search,control,0
105612,paid_search,control,0
109054,app_store,control,0
106875,paid_search,treatment,0
101199,organic,treatment,0
105208,paid_search,control,0
104424,organic,control,1
103952,organic,treatment,0
101089,paid_search,treatment,0
112589,referral,control,0
102516,referral,control,0
108196,paid_search,control,1
103725,organic,treatment,0
113791,paid_search,control,1
104041,organic,control,1
107924,referral,control,1
102460,organic,treatment,0
100550,paid_search,treatment,0
112898,paid_search,control,0
105582,referral,control,0
102301,referral,treatment,1
104361,organic,treatment,0
103096,organic,treatment,1
109664,referral,treatment,1
109427,paid_search,control,0
109347,referral,treatment,0
109594,organic,treatment,1
111866,referral,treatment,0
108093,paid_search,control,0
100919,paid_search,control,1
105161,organic,control,1
110541,paid_search,control,0
109816,paid_search,control,0
112439,paid_search,control,0
102602,app_store,treatment,0
103634,organic,treatment,0
110014,referral,treatment,1
108660,organic,treatment,0
105098,paid_search,control,0
109685,organic,treatment,0
104631,referral,control,0
113303,referral,treatment,0
113705,paid_search,control,0
104171,paid_search,treatment,0
110407,app_store,treatment,0
101889,paid_search,treatment,0
112392,app_store,control,0
105806,referral,control,0
104862,organic,control,0
111321,organic,treatment,1
110680,paid_search,control,0
106121,app_store,treatment,0
112161,referral,treatment,0
108214,referral,control,0
101205,organic,control,0
106525,paid_search,control,0
102674,organic,treatment,0
105626,referral,treatment,0
111468,referral,control,0
110596,paid_search,control,0
107358,paid_search,control,1
109507,paid_search,control,0
110554,app_store,treatment,0
106632,organic,control,0
109240,paid_search,control,0
103248,organic,treatment,0
113398,app_store,treatment,0
104391,organic,treatment,1
106074,paid_search,control,0
111899,paid_search,treatment,1
100811,app_store,treatment,1
106786,organic,treatment,0
110672,referral,treatment,0
113922,referral,treatment,0
101369,referral,treatment,0
110861,organic,treatment,0
101521,app_store,treatment,0
113528,app_store,control,0
101206,organic,treatment,0
107239,referral,control,1
102333,referral,control,0
104035,referral,control,0
103850,organic,treatment,1
104227,paid_search,control,0
109148,referral,control,1
100860,paid_search,control,0
102034,paid_search,treatment,0
101316,organic,treatment,0
110592,app_store,treatment,1
108499,organic,treatment,0
107123,paid_search,control,0
104720,organic,treatment,0
107639,organic,treatment,0
104785,organic,treatment,0
100056,paid_search,treatment,0
101367,paid_search,control,0
107294,organic,control,1
111236,organic,treatment,0
103925,paid_search,treatment,0
107505,referral,treatment,0
112493,app_store,control,0
102507,organic,control,1
107200,organic,treatment,0
105876,organic,control,0
107459,app_store,treatment,1
108655,organic,control,0
101574,organic,control,1
104889,paid_search,control,1
100309,paid_search,control,0
110314,app_store,treatment,0
106508,referral,control,1
100580,app_store,control,0
101706,organic,treatment,0
107277,paid_search,control,1
106652,paid_search,control,1
105108,paid_search,control,0
112181,paid_search,control,0
102995,paid_search,control,0
107179,app_store,treatment,0
105131,organic,treatment,0
105901,organic,treatment,1
110230,referral,control,0
100697,paid_search,control,0
106478,influencer,treatment,0
106956,paid_search,treatment,0
106333,organic,treatment,1
109145,organic,treatment,0
110288,organic,treatment,0
109063,organic,treatment,1
113511,referral,treatment,0
111242,paid_search,control,0
113816,organic,control,0
110849,paid_search,control,0
111932,app_store,control,0
111695,paid_search,treatment,0
109169,referral,treatment,0
107064,referral,treatment,0
105804,referral,treatment,0
111545,paid_search,treatment,0
100958,organic,treatment,1
105915,organic,treatment,0
107007,paid_search,control,1
105270,app_store,treatment,0
109533,referral,control,0
106072,organic,treatment,1
110015,app_store,treatment,0
110522,referral,control,0
110122,referral,treatment,0
111356,paid_search,control,0
100354,organic,control,0
104828,organic,treatment,0
109638,referral,treatment,0
104799,app_store,control,0
110919,paid_search,control,0
113423,organic,treatment,0
106759,paid_search,control,0
112226,referral,control,0
111393,organic,treatment,1
112115,referral,treatment,0
107282,app_store,treatment,0
109578,paid_search,treatment,0
103247,referral,treatment,0
100502,paid_search,treatment,0
111717,organic,control,0
113026,paid_search,treatment,0
109441,organic,control,0
110297,organic,control,0
110426,paid_search,control,1
113499,referral,treatment,0
101008,referral,control,0
107153,paid_search,treatment,0
113572,paid_search,treatment,0
112113,app_store,control,0
102172,paid_search,control,1
105384,app_store,control,0
104465,organic,control,0
111409,organic,control,0
113436,paid_search,control,0
111917,organic,control,0
101319,referral,treatment,1
104590,paid_search,control,0
104430,referral,control,0
101476,referral,control,1
108872,organic,treatment,1
106933,paid_search,control,0
105318,referral,control,0
108039,app_store,control,0
112421,paid_search,control,0
108573,paid_search,control,0
112702,app_store,treatment,0
105832,paid_search,control,0
104164,paid_search,control,0
110075,referral,treatment,0
108670,organic,treatment,0
108096,organic,treatment,1
101614,organic,treatment,0
110575,referral,control,0
105269,organic,treatment,1
111063,organic,treatment,1
110552,app_store,control,0
100426,paid_search,treatment,0
107747,paid_search,control,0
112283,app_store,treatment,0
110448,paid_search,treatment,0
109526,organic,control,1
108392,organic,treatment,0
111947,paid_search,control,1
110131,referral,control,0
100144,app_store,treatment,0
103821,paid_search,control,1
107725,referral,treatment,0
104346,paid_search,control,0
111572,referral,control,0
108497,paid_search,treatment,0
109647,paid_search,control,1
104789,paid_search,treatment,0
107662,paid_search,control,0
109104,paid_search,control,0
113819,organic,control,0
110789,organic,treatment,0
104682,organic,control,0
105370,app_store,treatment,0
102310,paid_search,control,0
102113,referral,treatment,0
100835,referral,control,0
100594,paid_search,control,0
111763,referral,control,1
107733,app_store,treatment,0
111726,organic,control,1
109481,paid_search,control,0
109848,organic,treatment,0
105009,paid_search,control,0
112347,referral,treatment,1
102132,app_store,control,0
100766,paid_search,treatment,0
113775,app_store,treatment,1
112887,influencer,control,0
100147,paid_search,control,0
100395,referral,control,0
107702,paid_search,control,0
108601,referral,control,0
103809,paid_search,treatment,0
108238,paid_search,control,0
107722,app_store,treatment,0
103495,paid_search,control,0
102185,app_store,control,0
103337,organic,control,0
102160,organic,treatment,1
106733,paid_search,control,0
110150,paid_search,treatment,0
107486,app_store,control,0
105713,referral,control,0
110377,paid_search,control,0
112685,organic,treatment,1
103411,referral,control,1
112559,paid_search,control,0
103498,organic,treatment,0
102072,paid_search,control,0
101368,organic,control,0
111288,organic,treatment,1
102365,organic,treatment,0
107710,organic,treatment,1
113763,organic,treatment,0
109123,app_store,treatment,0
103513,app_store,treatment,0
106365,organic,control,1
111168,organic,treatment,0
103502,app_store,control,0
104575,paid_search,control,0
103142,paid_search,treatment,0
106042,referral,treatment,0
101248,organic,treatment,0
110774,organic,control,0
108799,organic,treatment,1
100075,app_store,control,0
105861,paid_search,control,1
110889,referral,control,0
107335,paid_search,control,0
109515,organic,control,0
102397,referral,treatment,0
108306,paid_search,treatment,0
100987,organic,treatment,0
108348,paid_search,control,1
104844,app_store,control,0
105960,referral,control,1
108415,referral,control,0
105599,organic,treatment,0
105762,organic,treatment,0
107700,organic,treatment,0
110185,paid_search,control,1
112907,referral,control,0
104132,paid_search,control,0
108835,paid_search,treatment,1
101762,paid_search,control,1
104264,app_store,control,0
104213,paid_search,treatment,0
104044,paid_search,control,0
111649,organic,treatment,1
100531,paid_search,control,0
110783,app_store,treatment,0
113446,paid_search,control,0
105125,paid_search,treatment,0
103955,organic,treatment,1
111823,paid_search,control,0
107815,organic,treatment,1
110714,app_store,treatment,1
105064,app_store,control,0
111244,referral,treatment,0
109523,paid_search,control,0
112051,referral,control,1
111330,paid_search,control,0
105721,organic,treatment,0
100224,organic,treatment,0
113682,referral,control,0
107908,paid_search,treatment,0
113612,referral,treatment,0
111397,referral,treatment,0
101780,organic,treatment,1
101026,paid_search,control,1
106569,organic,treatment,0
103779,app_store,treatment,1
108274,paid_search,control,0
112239,referral,treatment,0
110223,organic,treatment,0
109985,app_store,control,0
102717,paid_search,control,0
106207,organic,control,0
112012,paid_search,control,0
112146,paid_search,control,0
106994,paid_search,control,0
110866,referral,control,1
103483,referral,control,1
104654,paid_search,treatment,0
111694,app_store,treatment,0
110756,organic,treatment,1
103403,paid_search,control,0
109887,influencer,treatment,0
106254,paid_search,control,0
110149,paid_search,control,0
105726,referral,control,1
106795,paid_search,control,1
103870,paid_search,control,1
105742,organic,treatment,0
105801,referral,treatment,0
101379,paid_search,control,0
107399,organic,treatment,0
101552,organic,treatment,0
103137,organic,treatment,0
108504,organic,treatment,0
101632,referral,treatment,0
104261,referral,control,0
110260,referral,control,1
109619,organic,treatment,0
110195,referral,treatment,1
104454,organic,treatment,1
106505,organic,control,1
103811,app_store,treatment,0
105467,organic,treatment,1
112461,referral,treatment,0
110530,organic,treatment,1
105924,paid_search,control,0
110633,paid_search,control,0
100129,app_store,treatment,0
101010,organic,treatment,0
110006,paid_search,control,0
101291,referral,treatment,0
105343,paid_search,treatment,1
112066,paid_search,control,0
110964,paid_search,control,0
100202,organic,control,1
103696,organic,treatment,0
107441,organic,treatment,0
113783,organic,treatment,0
105518,organic,treatment,0
105914,organic,treatment,0
100955,paid_search,control,0
110611,app_store,control,0
104021,referral,treatment,0
109022,organic,treatment,1
102362,app_store,control,0
108150,app_store,treatment,0
104690,paid_search,treatment,0
112100,influencer,treatment,0
109163,organic,treatment,1
108395,paid_search,control,0
108022,paid_search,control,0
100983,referral,treatment,0
103697,organic,treatment,0
106143,paid_search,control,0
111511,paid_search,treatment,0
106077,organic,control,0
102381,organic,treatment,1
102487,paid_search,treatment,0
106471,paid_search,treatment,0
103207,app_store,treatment,0
105959,referral,control,0
111290,paid_search,treatment,0
113321,referral,treatment,0
103090,referral,control,1
106167,referral,control,0
101188,influencer,treatment,0
106426,organic,treatment,1
106439,referral,treatment,0
104448,paid_search,treatment,0
107500,referral,control,1
103920,organic,treatment,1
101596,paid_search,treatment,0
104093,paid_search,control,0
108235,referral,treatment,0
113884,influencer,treatment,0
106246,paid_search,control,0
103348,paid_search,control,0
113315,referral,treatment,0
105169,referral,treatment,0
101274,paid_search,control,0
110375,organic,treatment,0
100575,referral,control,0
110113,paid_search,control,0
100145,organic,treatment,0
109049,paid_search,treatment,0
106273,organic,control,0
108062,paid_search,control,0
106144,app_store,control,1
110001,referral,control,0
102621,organic,treatment,0
104915,organic,treatment,1
105995,paid_search,control,1
110039,paid_search,control,0
113494,paid_search,control,0
104972,influencer,control,0
102771,paid_search,treatment,0
110651,referral,control,0
104890,paid_search,treatment,0
107323,app_store,treatment,0
107506,organic,treatment,0
100989,paid_search,treatment,0
113177,paid_search,treatment,0
109626,organic,treatment,0
104481,paid_search,treatment,0
107978,organic,control,0
108904,app_store,treatment,0
110565,paid_search,control,0
103851,paid_search,control,0
106223,organic,control,0
106685,organic,treatment,0
103566,organic,treatment,1
106504,organic,treatment,1
109211,paid_search,control,0
103888,paid_search,treatment,0
103297,paid_search,treatment,0
111156,paid_search,treatment,0
104404,referral,treatment,1
103462,app_store,treatment,1
104910,app_store,treatment,1
104138,influencer,control,0
108698,organic,treatment,1
107957,organic,treatment,0
112254,organic,treatment,0
109874,organic,treatment,0
108029,organic,treatment,1
110162,app_store,control,0
104795,app_store,control,0
100726,app_store,treatment,0
106064,referral,treatment,0
102052,organic,treatment,1
105784,organic,control,0
104312,paid_search,control,0
102147,paid_search,control,0
110515,paid_search,control,0
102697,referral,treatment,0
102483,app_store,control,0
101371,organic,control,0
101567,paid_search,control,0
111789,paid_search,treatment,0
111964,organic,treatment,1
107417,referral,control,1
113936,organic,treatment,0
101517,paid_search,treatment,0
106845,referral,treatment,0
112186,app_store,treatment,1
105863,paid_search,control,0
103628,influencer,control,1
110379,paid_search,control,0
103309,referral,treatment,0
103732,app_store,control,0
101038,organic,treatment,0
102438,app_store,treatment,0
103000,referral,control,0
101511,app_store,control,0
100412,paid_search,control,0
112672,app_store,control,0
110808,referral,control,0
107775,referral,treatment,0
109494,referral,control,0
103260,paid_search,control,1
105393,referral,control,0
101318,paid_search,control,0
111509,app_store,treatment,0
107572,referral,control,1
108970,referral,control,0
112662,organic,treatment,0
103070,app_store,control,0
106646,organic,control,1
104672,organic,treatment,0
107988,referral,control,0
104855,referral,treatment,0
110560,paid_search,control,0
110669,organic,control,0
104891,organic,treatment,1
108218,referral,treatment,0
103393,paid_search,control,0
109601,paid_search,treatment,0
105223,organic,control,0
107674,paid_search,treatment,0
109332,organic,control,0
100506,paid_search,control,0
101561,referral,treatment,1
107539,organic,treatment,1
106611,organic,treatment,1
107617,referral,control,0
106405,referral,treatment,0
112288,paid_search,treatment,0
101121,app_store,treatment,1
113655,paid_search,control,0
104683,organic,treatment,0
108794,paid_search,control,1
104708,app_store,control,0
107283,referral,control,0
106570,app_store,treatment,1
103942,organic,control,0
102738,paid_search,treatment,0
105632,app_store,control,0
112044,app_store,treatment,0
110806,paid_search,control,0
108541,organic,control,1
104982,paid_search,treatment,1
113880,referral,treatment,0
113314,organic,treatment,0
104879,organic,treatment,0
113490,referral,control,1
112593,organic,treatment,0
108822,app_store,treatment,0
102518,referral,control,1
107190,paid_search,control,0
102549,paid_search,control,0
112364,paid_search,treatment,0
106554,app_store,control,0
100409,referral,control,0
103392,paid_search,control,0
108357,organic,treatment,0
102292,app_store,treatment,0
102337,organic,control,0
112242,paid_search,control,0
107823,organic,treatment,1
106069,referral,treatment,0
110619,paid_search,control,0
109280,app_store,control,1
105819,paid_search,treatment,0
105282,organic,treatment,0
103771,paid_search,treatment,0
107236,organic,treatment,0
105964,paid_search,control,0
105851,referral,control,0
107471,organic,treatment,0
105062,paid_search,control,1
111107,organic,treatment,0
102861,paid_search,control,0
102364,paid_search,treatment,1
104625,organic,treatment,1
112074,referral,control,0
107322,organic,treatment,1
106065,referral,treatment,1
104124,paid_search,control,0
109349,paid_search,control,0
100275,organic,treatment,0
109265,referral,treatment,0
107999,referral,control,0
110380,paid_search,control,1
106277,app_store,control,0
107814,organic,control,0
108868,paid_search,control,0
113175,organic,treatment,0
106399,referral,treatment,0
103383,paid_search,control,0
106734,paid_search,control,0
112966,organic,control,0
103705,organic,control,1
100586,influencer,treatment,0
100838,paid_search,treatment,0
104807,paid_search,treatment,0
104400,referral,treatment,1
102616,paid_search,control,0
105347,organic,treatment,1
107244,paid_search,treatment,0
111158,organic,control,1
109630,app_store,control,0
101554,organic,control,1
100817,paid_search,control,0
109436,organic,control,0
100303,referral,control,0
102620,paid_search,control,0
113533,app_store,control,0
108142,organic,treatment,0
110871,paid_search,control,0
102486,referral,treatment,0
112129,app_store,treatment,1
100567,paid_search,control,1
111355,referral,control,0
101064,paid_search,control,1
109065,app_store,control,0
102820,app_store,control,0
111349,paid_search,control,0
100953,referral,control,0
100160,app_store,treatment,0
100924,organic,control,0
110963,organic,treatment,0
107019,paid_search,control,0
113231,paid_search,treatment,0
113815,organic,control,0
107900,referral,control,0
110168,paid_search,treatment,0
112312,referral,control,0
101840,referral,treatment,0
111928,app_store,treatment,0
110587,app_store,control,0
109290,app_store,control,0
111796,paid_search,control,0
102057,organic,treatment,0
108682,referral,treatment,0
103714,organic,treatment,0
104926,paid_search,control,0
100386,referral,control,0
111681,paid_search,control,0
102284,paid_search,control,0
112304,organic,treatment,0
101825,referral,control,0
105485,paid_search,control,0
104420,paid_search,control,0
101589,paid_search,control,0
102872,organic,treatment,0
103349,referral,control,0
109763,app_store,control,0
109944,app_store,control,0
105401,referral,treatment,0
109424,paid_search,control,0
104090,paid_search,control,0
105889,paid_search,control,0
113703,organic,treatment,0
113956,organic,treatment,1
103161,organic,treatment,1
100964,paid_search,control,0
100353,organic,treatment,0
110031,paid_search,control,0
112138,referral,treatment,1
112547,paid_search,treatment,0
106587,paid_search,treatment,0
108194,referral,treatment,0
112026,paid_search,control,0
111801,organic,treatment,0
108976,organic,treatment,0
112597,referral,treatment,0
110589,paid_search,treatment,0
112576,organic,treatment,0
100069,referral,treatment,1
108596,referral,treatment,0
108117,referral,treatment,0
111627,organic,treatment,0
107195,referral,treatment,0
101162,organic,treatment,1
100219,app_store,control,0
104274,influencer,control,0
111621,organic,control,0
110332,referral,treatment,1
101201,organic,treatment,0
106073,paid_search,control,0
102916,referral,control,0
110493,organic,control,0
101757,app_store,treatment,0
103487,organic,treatment,1
106703,referral,control,1
109770,paid_search,control,0
102720,influencer,treatment,0
102242,referral,treatment,0
106025,organic,control,0
110967,organic,control,0
109700,referral,treatment,0
105594,organic,treatment,1
103750,organic,treatment,0
112865,organic,treatment,0
110686,organic,treatment,0
113821,paid_search,treatment,1
100539,app_store,treatment,0
101331,paid_search,control,1
102304,paid_search,control,0
110692,organic,treatment,0
101613,paid_search,treatment,0
101489,paid_search,treatment,0
110211,paid_search,control,0
101745,organic,treatment,1
113136,paid_search,control,0
112530,paid_search,treatment,1
113573,referral,treatment,0
112409,paid_search,control,1
113833,paid_search,treatment,0
101394,organic,treatment,0
109701,organic,treatment,0
109387,referral,control,1
113006,organic,control,1
105406,paid_search,treatment,0
103646,paid_search,control,1
105963,organic,treatment,1
103801,referral,treatment,0
112910,referral,treatment,0
112415,referral,control,0
110124,organic,treatment,0
102813,organic,treatment,0
112167,organic,treatment,0
110732,referral,control,1
102670,organic,treatment,0
112726,referral,control,0
111912,app_store,treatment,1
107845,referral,treatment,0
105214,organic,treatment,1
103249,app_store,treatment,0
106864,paid_search,treatment,0
111015,app_store,control,0
100574,organic,control,0
107749,paid_search,treatment,0
108889,paid_search,control,1
105508,referral,treatment,0
101557,paid_search,control,0
113196,referral,control,0
107266,organic,treatment,0
102599,referral,treatment,0
105168,organic,treatment,1
104158,paid_search,control,0
102188,referral,control,0
104023,paid_search,control,0
108454,organic,control,0
110238,organic,treatment,1
108475,referral,control,0
100259,organic,treatment,0
102665,paid_search,control,0
113793,organic,treatment,0
103234,referral,control,0
108918,app_store,treatment,0
109829,paid_search,control,0
107015,app_store,control,0
112627,paid_search,control,0
105249,paid_search,control,0
105443,organic,treatment,0
108248,referral,treatment,1
103615,referral,treatment,1
109604,organic,control,0
112944,referral,control,1
102215,paid_search,control,0
112374,paid_search,treatment,0
105458,app_store,treatment,0
102936,app_store,control,0
100889,organic,control,1
102955,influencer,treatment,0
101688,referral,control,0
101820,organic,control,1
103704,paid_search,control,0
101973,app_store,treatment,0
108114,organic,control,0
108188,influencer,control,0
108907,organic,control,0
105153,organic,control,1
110479,organic,treatment,0
113539,paid_search,control,0
109649,referral,treatment,0
107872,organic,treatment,1
113986,paid_search,control,0
111041,organic,treatment,0
104714,paid_search,control,0
108316,influencer,control,1
112915,organic,treatment,0
112098,influencer,control,0
113014,paid_search,control,0
100981,app_store,treatment,0
107833,paid_search,control,0
105504,paid_search,control,0
107262,organic,treatment,0
107224,referral,treatment,0
108368,organic,treatment,0
100582,paid_search,control,0
112545,app_store,control,0
109809,organic,treatment,0
113130,organic,treatment,0
105291,organic,treatment,0
102877,paid_search,treatment,0
107136,organic,control,0
112844,organic,treatment,1
111436,organic,treatment,1
105976,referral,control,1
101862,organic,treatment,1
105447,paid_search,control,0
103576,referral,control,0
111799,paid_search,control,0
113608,referral,control,1
111167,organic,treatment,1
104506,organic,treatment,0
104772,organic,treatment,1
100298,paid_search,treatment,0
100926,paid_search,control,0
112311,referral,treatment,1
101591,organic,treatment,0
110308,paid_search,control,1
107766,organic,treatment,0
107491,organic,treatment,0
101308,referral,treatment,1
107038,paid_search,treatment,0
104768,app_store,control,0
101673,app_store,treatment,0
109392,referral,treatment,0
102230,organic,control,0
113518,organic,treatment,0
113888,organic,treatment,0
100294,influencer,control,0
106346,organic,control,0
110883,organic,treatment,1
104223,organic,treatment,0
102580,paid_search,control,0
107576,app_store,treatment,0
106344,referral,treatment,0
108315,app_store,control,0
100693,organic,treatment,0
100687,paid_search,control,0
100818,paid_search,control,1
100217,organic,control,0
107935,organic,treatment,0
111518,organic,treatment,0
112441,organic,control,1
103890,organic,control,0
100323,app_store,treatment,0
111206,referral,treatment,0
106105,paid_search,control,0
100479,organic,treatment,0
105379,organic,control,0
105701,app_store,control,1
101890,paid_search,treatment,0
105763,organic,treatment,1
113179,app_store,treatment,0
111391,paid_search,control,1
100813,paid_search,treatment,0
107434,referral,treatment,0
104347,organic,control,1
109036,paid_search,treatment,0
106222,app_store,control,0
103057,app_store,treatment,0
102376,organic,treatment,0
104070,app_store,treatment,0
102033,paid_search,treatment,0
100968,referral,treatment,1
111190,organic,control,1
113095,organic,treatment,1
100973,paid_search,control,0
110089,organic,treatment,0
106332,paid_search,control,0
112535,paid_search,control,0
102705,organic,control,1
106300,paid_search,control,0
109348,organic,control,0
109679,app_store,control,0
107861,organic,treatment,0
103375,paid_search,control,1
112684,referral,treatment,0
112741,referral,treatment,0
113060,referral,treatment,1
105602,organic,treatment,0
102952,paid_search,treatment,0
109538,paid_search,control,0
109168,referral,control,0
109452,paid_search,treatment,0
108702,organic,control,0
100123,referral,treatment,0
113211,referral,control,0
107217,referral,treatment,0
113259,paid_search,control,0
109903,referral,control,1
102101,organic,treatment,0
100870,organic,treatment,0
113272,paid_search,control,0
109223,app_store,treatment,0
111656,organic,control,0
106791,organic,treatment,0
101999,organic,treatment,0
103591,referral,treatment,0
101157,referral,control,0
103157,paid_search,treatment,0
104429,app_store,treatment,0
105689,referral,control,1
106481,paid_search,control,1
101576,paid_search,treatment,0
113514,paid_search,control,0
108254,organic,control,1
100473,paid_search,treatment,0
104998,paid_search,control,1
111647,paid_search,treatment,0
109058,referral,control,0
103584,organic,control,1
102933,organic,treatment,1
105426,app_store,control,0
111807,organic,treatment,1
108752,organic,control,0
103389,paid_search,control,0
102181,organic,treatment,0
104744,organic,control,1
113154,referral,treatment,1
107126,paid_search,treatment,0
111474,app_store,control,0
112710,organic,treatment,0
109821,paid_search,control,0
105489,referral,treatment,0
110631,referral,treatment,1
101150,paid_search,control,0
101161,app_store,control,0
108001,app_store,treatment,0
100257,paid_search,control,0
110791,paid_search,control,0
100794,paid_search,treatment,0
104874,organic,treatment,1
109298,organic,treatment,0
106198,referral,control,0
103856,paid_search,control,0
111600,referral,treatment,0
100558,organic,treatment,0
110043,organic,treatment,0
110281,influencer,control,1
102900,influencer,treatment,0
103221,paid_search,control,0
100262,organic,treatment,0
103741,organic,control,0
106763,referral,control,1
108820,referral,treatment,1
107228,paid_search,control,0
110082,referral,control,0
111235,organic,control,1
104306,referral,treatment,0
110271,organic,treatment,1
111778,referral,control,1
104305,app_store,treatment,0
105245,organic,treatment,1
109799,paid_search,control,0
109213,app_store,treatment,0
108801,app_store,treatment,1
109596,organic,treatment,0
112703,influencer,control,1
111447,paid_search,control,0
106823,app_store,treatment,0
110289,paid_search,treatment,0
100210,paid_search,control,0
103799,paid_search,treatment,0
103540,paid_search,control,0
100154,app_store,control,0
109783,referral,control,0
110635,organic,treatment,0
101148,paid_search,control,0
111620,paid_search,control,0
101968,referral,treatment,0
111399,paid_search,control,0
108154,app_store,treatment,1
102434,organic,treatment,0
109826,organic,treatment,1
111485,organic,treatment,0
100598,paid_search,control,0
103138,paid_search,control,0
106028,organic,treatment,1
109849,influencer,treatment,0
104777,app_store,treatment,0
112947,organic,treatment,0
111490,organic,control,1
101566,referral,control,0
106247,paid_search,control,0
107404,paid_search,control,0
106449,organic,treatment,1
109711,organic,control,0
112823,app_store,treatment,0
112510,app_store,treatment,0
107305,app_store,treatment,0
108418,organic,control,0
113172,paid_search,control,0
110710,organic,control,0
102244,paid_search,control,0
110586,organic,control,0
109953,paid_search,control,0
101361,referral,control,0
103305,paid_search,control,0
102325,paid_search,treatment,0
111751,paid_search,control,0
108041,paid_search,control,1
101481,organic,treatment,0
101834,organic,treatment,0
103662,organic,treatment,0
107695,organic,treatment,0
110202,paid_search,control,1
111850,organic,treatment,1
112494,organic,treatment,1
105124,organic,control,0
104188,paid_search,treatment,0
107472,app_store,treatment,1
107655,app_store,treatment,0
112050,organic,treatment,1
108886,paid_search,control,0
105242,referral,control,0
113309,paid_search,control,0
105835,organic,control,0
110805,organic,control,1
101187,paid_search,control,0
109562,organic,treatment,0
101908,paid_search,control,0
104089,organic,treatment,0
102478,referral,treatment,0
108209,paid_search,treatment,1
110707,paid_search,control,0
113421,referral,control,0
110398,app_store,treatment,0
106848,app_store,control,0
111788,organic,treatment,0
101487,app_store,treatment,0
101677,organic,treatment,1
102354,organic,control,1
108849,paid_search,control,0
101572,referral,control,0
109930,organic,treatment,0
105516,paid_search,control,1
112048,paid_search,control,0
104496,paid_search,control,0
111039,paid_search,control,0
111173,paid_search,treatment,0
100619,organic,treatment,1
106224,app_store,control,0
106881,paid_search,treatment,0
102848,app_store,treatment,0
113536,paid_search,control,0
100868,organic,treatment,0
102508,app_store,control,0
104983,organic,control,0
110303,paid_search,control,0
104696,organic,treatment,0
108040,app_store,treatment,0
104419,organic,treatment,0
107004,app_store,treatment,0
108650,organic,treatment,0
110326,referral,treatment,0
107707,referral,treatment,0
100791,app_store,control,0
107786,paid_search,control,0
107451,paid_search,control,0
112900,organic,control,1
111800,paid_search,control,0
103823,paid_search,control,0
110453,app_store,control,0
107516,organic,control,1
107830,organic,treatment,0
113375,organic,treatment,1
102809,paid_search,control,1
105051,paid_search,control,0
103519,influencer,treatment,0
108926,referral,treatment,0
113772,organic,treatment,1
112668,referral,treatment,0
103959,referral,treatment,0
107345,app_store,control,0
102134,paid_search,treatment,0
105053,organic,treatment,0
113918,paid_search,control,1
112460,paid_search,control,1
110137,referral,treatment,0
102280,organic,control,0
100660,organic,control,0
102431,organic,control,1
103752,app_store,treatment,0
110721,organic,control,0
113290,influencer,control,0
102592,referral,control,1
106316,app_store,treatment,0
100643,paid_search,treatment,0
100169,paid_search,control,1
109710,paid_search,control,0
101801,referral,control,0
103395,organic,control,1
101918,referral,treatment,0
100273,paid_search,control,0
110661,paid_search,control,1
113709,organic,treatment,0
113594,paid_search,control,0
109259,paid_search,control,1
100495,app_store,treatment,0
106789,paid_search,treatment,0
101913,app_store,treatment,0
103647,organic,treatment,0
108231,paid_search,control,0
100307,organic,treatment,0
111933,organic,control,1
104103,paid_search,control,1
111345,paid_search,control,1
111022,paid_search,control,1
100782,app_store,control,0
105287,paid_search,control,0
100535,organic,control,1
100584,referral,control,1
112809,paid_search,control,0
112336,referral,control,1
112611,app_store,treatment,0
111989,app_store,treatment,0
101301,organic,control,0
107061,paid_search,control,0
107496,app_store,control,0
108242,referral,control,0
111054,app_store,treatment,1
100317,organic,control,0
110390,referral,control,0
106511,organic,treatment,0
102565,app_store,control,0
113834,paid_search,control,0
113678,app_store,control,0
101795,organic,control,0
106678,organic,treatment,0
113486,organic,treatment,0
112884,organic,control,1
108464,paid_search,control,0
100549,paid_search,control,0
101693,organic,control,0
103526,paid_search,treatment,0
103013,organic,control,0
101631,referral,control,0
102391,paid_search,control,0
112069,paid_search,control,0
104695,referral,control,1
109087,app_store,control,0
110192,paid_search,control,0
110315,organic,control,1
112350,referral,control,1
109440,paid_search,control,0
107705,app_store,control,0
104488,app_store,treatment,0
101260,paid_search,control,0
108023,referral,control,0
100810,paid_search,control,0
106389,app_store,treatment,0
101050,paid_search,treatment,0
110071,organic,treatment,0
111072,app_store,treatment,0
107391,referral,control,0
100108,paid_search,control,1
106250,paid_search,control,1
108866,organic,control,1
106787,referral,control,0
113217,paid_search,treatment,0
104606,paid_search,control,0
112963,paid_search,control,0
105456,influencer,control,0
101533,organic,treatment,0
104963,paid_search,control,0
110048,app_store,control,0
100212,paid_search,treatment,0
103148,paid_search,control,0
105157,paid_search,treatment,0
110449,referral,control,1
110298,organic,treatment,1
111461,organic,control,1
102151,paid_search,treatment,0
106996,referral,treatment,0
101974,paid_search,control,0
104686,organic,control,0
108183,paid_search,control,0
107608,organic,treatment,0
109694,influencer,treatment,0
112375,paid_search,treatment,0
108839,app_store,treatment,0
111826,organic,treatment,1
100772,referral,control,0
107503,referral,treatment,0
108896,referral,treatment,0
111780,organic,control,1
101250,organic,treatment,0
107891,app_store,control,0
107254,organic,treatment,0
110665,paid_search,treatment,0
113210,organic,treatment,0
106574,paid_search,control,0
110053,app_store,control,0
106820,referral,control,0
100710,organic,treatment,1
102673,paid_search,control,1
104515,paid_search,control,0
101462,organic,treatment,1
109677,organic,treatment,1
102546,organic,treatment,0
107742,organic,treatment,0
107218,app_store,treatment,1
108423,referral,treatment,0
101357,paid_search,control,0
103012,paid_search,control,1
100852,organic,control,0
101005,organic,treatment,0
110189,organic,treatment,0
101835,app_store,treatment,0
107904,referral,control,0
112166,paid_search,control,0
113666,paid_search,control,0
107743,organic,control,1
112725,organic,treatment,0
101317,referral,control,1
103328,paid_search,treatment,0
101624,organic,control,0
109673,organic,control,0
103834,referral,control,0
105745,paid_search,control,0
101279,organic,treatment,1
111273,paid_search,control,0
110016,paid_search,control,0
109246,paid_search,control,0
104146,referral,control,0
108668,organic,treatment,0
110475,organic,control,1
111904,organic,treatment,1
103147,paid_search,control,0
105643,referral,treatment,0
108528,paid_search,treatment,0
107140,paid_search,control,0
102618,organic,control,1
103663,paid_search,control,0
100089,organic,treatment,0
100875,referral,control,0
108736,paid_search,control,0
103001,referral,treatment,0
102761,referral,treatment,0
113970,organic,treatment,0
101881,organic,treatment,0
100107,paid_search,control,0
100927,app_store,treatment,1
106366,referral,control,1
100320,organic,treatment,1
112808,referral,control,0
100879,app_store,treatment,0
106774,organic,treatment,1
103995,paid_search,control,0
104922,paid_search,control,0
111439,referral,control,1
105387,paid_search,treatment,1
103079,paid_search,treatment,0
111954,paid_search,treatment,0
104731,paid_search,control,0
113424,referral,treatment,0
104235,paid_search,control,0
104260,organic,treatment,1
109811,organic,treatment,1
103727,paid_search,control,0
113779,referral,control,0
109238,organic,treatment,0
101751,app_store,control,0
107692,organic,treatment,0
105152,referral,control,1
103879,organic,treatment,1
105865,app_store,control,0
105601,paid_search,control,0
112110,app_store,control,0
101044,paid_search,control,0
103011,organic,treatment,0
105156,organic,treatment,0
106778,referral,control,0
111483,referral,control,0
107787,organic,control,1
104591,referral,treatment,0
104752,organic,treatment,0
110257,organic,treatment,1
102965,referral,treatment,0
108834,organic,treatment,0
100138,app_store,control,0
109073,app_store,control,0
110169,organic,control,0
109774,paid_search,control,0
112986,referral,treatment,0
101098,organic,control,0
113038,organic,control,1
113515,referral,treatment,0
106550,paid_search,control,1
109585,referral,control,1
110276,organic,control,1
109459,paid_search,treatment,0
106472,referral,treatment,0
106462,paid_search,control,0
112424,organic,control,0
105266,app_store,control,0
110767,paid_search,control,0
102136,organic,treatment,1
109696,organic,treatment,0
105459,referral,treatment,0
105079,app_store,control,1
103368,referral,control,0
103730,organic,treatment,1
100149,organic,control,0
100304,paid_search,control,0
105114,paid_search,treatment,0
110117,organic,treatment,0
105149,organic,treatment,1
101271,referral,treatment,0
110830,paid_search,control,0
101905,paid_search,treatment,0
102211,influencer,control,0
104295,organic,treatment,0
103843,organic,control,1
103575,referral,control,0
109961,organic,control,1
102876,organic,treatment,0
110433,app_store,treatment,0
112693,paid_search,control,0
105041,paid_search,treatment,0
102299,influencer,treatment,0
108676,referral,treatment,0
108156,paid_search,control,0
105279,referral,control,1
105436,organic,treatment,0
109473,organic,treatment,0
105128,referral,treatment,0
111873,organic,control,0
108984,paid_search,control,0
106529,paid_search,control,0
106895,organic,treatment,1
101202,app_store,control,0
112711,paid_search,treatment,0
112105,organic,control,1
110555,organic,treatment,0
113949,paid_search,control,0
111262,paid_search,control,0
103430,app_store,control,0
101866,referral,treatment,1
113755,referral,control,0
105576,referral,control,0
110784,paid_search,control,0
107058,app_store,treatment,0
110903,paid_search,control,0
105717,referral,treatment,0
109722,referral,control,1
104999,paid_search,control,0
102810,organic,treatment,0
108878,app_store,treatment,0
109744,paid_search,control,0
104256,app_store,treatment,1
112064,influencer,treatment,1
107529,organic,control,0
108753,referral,control,0
110443,organic,control,1
102891,organic,treatment,0
103501,app_store,control,0
110882,organic,treatment,0
112401,organic,treatment,0
113807,app_store,treatment,0
103380,influencer,treatment,0
103194,paid_search,control,0
101447,app_store,treatment,0
101953,organic,treatment,0
107125,paid_search,control,0
109115,paid_search,control,0
101625,referral,treatment,1
108503,app_store,treatment,1
106950,paid_search,treatment,0
101320,paid_search,treatment,1
103532,organic,treatment,0
101664,paid_search,control,0
100816,paid_search,control,0
113325,paid_search,control,0
110459,paid_search,treatment,0
109666,referral,treatment,0
109966,app_store,control,0
104776,organic,treatment,0
113439,paid_search,control,0
101094,paid_search,control,0
104177,organic,control,1
101951,referral,treatment,0
103885,referral,treatment,0
113298,organic,treatment,1
113525,app_store,control,0
102801,referral,control,0
101240,organic,treatment,0
100330,paid_search,treatment,0
103103,paid_search,treatment,0
108435,paid_search,control,0
102543,organic,treatment,0
104738,organic,treatment,1
104793,paid_search,treatment,0
110450,app_store,control,0
106647,paid_search,control,0
102819,paid_search,treatment,1
112017,app_store,control,1
100754,organic,treatment,0
104532,referral,control,0
101564,app_store,treatment,0
101935,app_store,treatment,0
107208,paid_search,control,1
113697,paid_search,control,0
103494,paid_search,control,1
111215,organic,treatment,1
112840,paid_search,treatment,0
107713,referral,control,1
110841,organic,treatment,0
101857,influencer,control,0
104698,organic,control,0
103564,paid_search,treatment,0
110157,referral,treatment,1
101014,organic,treatment,0
109620,paid_search,treatment,0
106109,app_store,control,0
111515,paid_search,control,0
105483,paid_search,control,0
109488,referral,treatment,0
100467,paid_search,control,1
104029,app_store,treatment,0
100175,referral,control,1
104881,referral,control,0
100278,referral,control,0
101070,app_store,treatment,0
109741,app_store,treatment,0
109217,paid_search,control,0
105562,paid_search,control,0
106867,referral,control,1
105037,paid_search,control,0
111027,paid_search,control,0
106804,paid_search,treatment,0
109659,organic,treatment,0
113329,paid_search,treatment,0
105546,organic,control,0
105003,referral,control,0
101714,paid_search,control,0
107641,paid_search,control,0
111617,paid_search,control,0
102612,organic,treatment,1
107394,organic,treatment,0
100389,referral,treatment,0
110263,influencer,control,0
112163,app_store,treatment,0
108021,referral,control,0
103496,organic,treatment,1
111014,paid_search,control,0
104977,organic,treatment,1
109617,paid_search,control,0
103543,referral,treatment,1
111986,referral,treatment,0
107289,organic,treatment,0
111767,paid_search,control,1
107311,organic,treatment,1
100051,organic,treatment,1
110080,paid_search,control,0
106588,app_store,control,0
111888,referral,treatment,0
104230,app_store,treatment,0
112992,paid_search,control,1
100483,paid_search,treatment,0
111586,paid_search,control,0
102252,app_store,control,0
104163,organic,treatment,0
113720,app_store,control,0
110506,organic,treatment,0
111042,app_store,control,0
105093,referral,treatment,0
103104,referral,control,0
112320,referral,control,1
112060,organic,treatment,0
110658,referral,treatment,0
102930,paid_search,treatment,0
106777,referral,treatment,0
104970,influencer,control,0
112299,paid_search,control,0
100065,paid_search,control,0
113624,app_store,control,0
107574,referral,control,0
108969,paid_search,control,1
112366,referral,treatment,1
104588,paid_search,control,0
110927,paid_search,treatment,1
106403,organic,treatment,0
110773,organic,treatment,0
106210,referral,control,1
104617,referral,treatment,0
111676,organic,treatment,1
103333,app_store,treatment,0
110537,referral,control,0
112880,organic,treatment,1
107588,paid_search,control,0
102816,referral,control,0
103965,organic,treatment,0
107607,organic,treatment,1
105382,organic,treatment,1
105940,referral,treatment,1
112219,paid_search,control,0
108917,paid_search,control,0
103242,app_store,control,0
110532,paid_search,control,0
102794,organic,control,0
105734,paid_search,treatment,1
102525,referral,control,0
101736,app_store,treatment,1
107961,paid_search,treatment,0
103125,referral,control,0
104941,organic,treatment,0
112995,paid_search,control,0
107976,paid_search,control,1
100274,referral,control,1
111137,paid_search,control,0
113671,app_store,control,0
107022,app_store,control,0
113371,organic,treatment,1
106556,referral,control,0
105579,organic,control,0
105497,paid_search,control,0
101453,paid_search,treatment,0
110908,referral,treatment,0
112438,app_store,treatment,0
102693,paid_search,treatment,0
102768,referral,treatment,1
108411,paid_search,control,0
100240,organic,treatment,0
101132,paid_search,control,1
113631,referral,control,1
107894,influencer,control,0
103265,app_store,control,0
110432,app_store,treatment,1
105350,paid_search,control,1
105765,organic,control,0
101384,paid_search,treatment,0
103075,paid_search,control,0
104861,app_store,control,0
101358,organic,treatment,0
104872,app_store,treatment,0
102631,paid_search,control,0
111025,app_store,treatment,0
100625,referral,control,0
100840,paid_search,control,0
104724,influencer,treatment,0
107664,paid_search,control,0
100324,organic,treatment,0
112089,organic,control,0
101868,organic,control,0
105257,app_store,control,0
102827,organic,treatment,0
105173,organic,control,0
107084,organic,treatment,1
103928,paid_search,treatment,1
108630,referral,treatment,1
100120,paid_search,control,0
113551,paid_search,treatment,0
113318,organic,control,0
102378,app_store,treatment,0
105911,paid_search,control,0
107510,app_store,control,0
110032,referral,treatment,0
109219,paid_search,control,1
103302,paid_search,control,0
107525,referral,treatment,0
104173,organic,control,1
111294,paid_search,treatment,1
109093,organic,treatment,0
107880,organic,treatment,0
112660,organic,control,1
109397,app_store,treatment,0
113427,organic,treatment,0
113964,organic,control,0
105038,app_store,control,0
106722,referral,control,0
104051,organic,treatment,0
106964,paid_search,control,0
100553,organic,treatment,1
100407,organic,treatment,0
106214,paid_search,treatment,0
103135,paid_search,control,0
109806,paid_search,treatment,1
111127,referral,treatment,1
113257,paid_search,control,0
103299,referral,treatment,0
111026,organic,control,0
107480,app_store,treatment,0
102350,app_store,control,0
105843,organic,treatment,0
112978,paid_search,treatment,0
111302,paid_search,control,1
107666,paid_search,control,0
109931,organic,treatment,1
100237,paid_search,treatment,0
105782,app_store,control,0
106083,paid_search,control,0
106080,referral,treatment,0
107898,organic,control,1
103164,paid_search,treatment,0
100500,referral,treatment,1
104919,referral,treatment,1
103626,paid_search,control,1
103128,organic,control,0
108987,organic,treatment,0
103359,referral,treatment,0
111484,app_store,treatment,1
112165,organic,treatment,0
109183,organic,treatment,1
112856,organic,control,0
107079,organic,control,0
110628,influencer,treatment,0
111569,app_store,treatment,0
108583,paid_search,control,0
104840,app_store,treatment,0
110593,organic,treatment,0
101218,organic,treatment,1
100236,organic,treatment,0
100332,organic,treatment,1
104577,referral,treatment,0
103189,referral,treatment,0
107777,paid_search,control,0
100045,organic,treatment,1
107926,referral,treatment,1
113562,organic,control,0
104217,app_store,treatment,0
111629,paid_search,treatment,0
103073,paid_search,control,0
111327,paid_search,control,0
107912,paid_search,control,0
112238,referral,treatment,0
105023,app_store,control,0
106660,paid_search,treatment,0
101595,paid_search,treatment,1
108416,organic,treatment,1
113055,organic,control,1
104710,referral,treatment,0
102892,paid_search,control,0
101246,paid_search,control,0
107770,organic,treatment,0
101541,organic,control,1
111730,referral,treatment,0
112341,organic,control,0
104626,referral,control,0
110726,paid_search,control,0
113910,organic,control,0
100819,organic,control,1
111651,app_store,control,1
100156,paid_search,control,0
107511,app_store,control,0
106745,referral,treatment,0
108636,app_store,treatment,1
100249,paid_search,control,1
113050,organic,treatment,0
112120,referral,control,0
104015,organic,control,1
107610,organic,treatment,1
110829,organic,treatment,1
105227,referral,control,0
112831,organic,treatment,0
108175,organic,control,1
108986,organic,control,0
108120,organic,control,0
109918,referral,treatment,0
103190,app_store,control,0
102650,app_store,control,0
100629,paid_search,control,0
101231,organic,control,1
102340,organic,treatment,0
107708,paid_search,control,1
110036,paid_search,treatment,0
106831,paid_search,control,0
107369,paid_search,control,0
109813,organic,control,0
101452,organic,treatment,0
111095,organic,treatment,0
113360,paid_search,control,0
112843,app_store,treatment,0
101829,organic,treatment,0
109019,paid_search,treatment,0
101640,paid_search,treatment,0
103865,organic,treatment,0
107938,referral,control,0
111106,app_store,control,0
111984,referral,treatment,0
111132,organic,control,0
103421,referral,treatment,0
112189,app_store,control,0
103768,organic,treatment,0
108728,referral,treatment,0
105907,organic,treatment,1
110856,paid_search,control,0
108347,paid_search,control,0
111434,organic,treatment,0
105597,paid_search,control,0
103150,referral,control,0
111145,app_store,treatment,0
109504,organic,control,0
108515,paid_search,control,0
105807,paid_search,treatment,0
104111,paid_search,treatment,1
111523,paid_search,treatment,0
112178,referral,control,0
101799,paid_search,control,0
108275,influencer,control,1
110753,referral,control,0
110136,paid_search,control,0
101989,organic,treatment,1
111729,paid_search,control,0
101575,paid_search,control,1
111170,paid_search,control,0
102724,referral,control,0
111598,referral,control,0
102059,organic,control,0
109955,referral,control,0
109687,organic,treatment,0
113120,influencer,treatment,0
110273,referral,control,0
109367,paid_search,treatment,0
104510,organic,treatment,0
110821,paid_search,control,0
104262,paid_search,treatment,0
109593,app_store,treatment,0
106252,app_store,treatment,0
100615,organic,control,0
103094,app_store,control,1
103451,paid_search,treatment,0
101015,paid_search,control,0
111250,paid_search,control,0
101717,organic,treatment,0
103906,paid_search,control,0
107501,paid_search,control,0
110374,referral,control,1
103419,paid_search,treatment,0
104652,organic,treatment,1
103101,organic,treatment,1
106465,app_store,control,0
113770,paid_search,control,0
101212,app_store,treatment,0
113739,organic,treatment,0
108827,paid_search,control,0
109248,paid_search,control,0
110533,paid_search,control,0
108989,organic,treatment,0
107087,paid_search,control,0
105188,referral,control,0
104271,paid_search,control,0
102815,paid_search,control,0
112534,referral,treatment,1
101081,influencer,treatment,1
109847,paid_search,treatment,0
101608,organic,treatment,0
108337,paid_search,treatment,0
104242,organic,treatment,0
100091,paid_search,control,0
107847,organic,treatment,0
107931,app_store,control,0
100683,organic,control,0
112599,referral,treatment,0
108042,referral,treatment,0
111624,organic,treatment,0
108286,paid_search,control,0
109027,app_store,treatment,1
106053,organic,treatment,1
113213,paid_search,treatment,1
113689,referral,treatment,0
106006,paid_search,treatment,0
105132,organic,treatment,0
101401,referral,treatment,0
112172,referral,treatment,0
110484,referral,control,0
109693,paid_search,control,0
107256,paid_search,treatment,0
102263,app_store,control,0
109661,app_store,treatment,0
112121,paid_search,control,1
103246,paid_search,control,0
109191,paid_search,control,0
100854,organic,control,0
112068,organic,control,0
109335,referral,control,0
113432,app_store,control,0
107844,organic,treatment,1
102275,organic,control,0
107041,organic,treatment,0
107563,paid_search,control,0
104498,influencer,treatment,0
107573,organic,treatment,0
101104,app_store,control,0
100085,paid_search,control,0
110403,paid_search,control,1
105953,app_store,treatment,0
104211,referral,control,0
106815,paid_search,treatment,0
113522,app_store,treatment,1
105682,referral,treatment,0
103441,app_store,control,0
101568,organic,treatment,0
107034,organic,treatment,1
105598,organic,treatment,1
101661,referral,treatment,1
109749,paid_search,control,0
112914,paid_search,treatment,1
103765,paid_search,control,0
103585,organic,treatment,0
110078,paid_search,control,0
111337,referral,treatment,0
110059,app_store,control,0
113241,app_store,treatment,0
106952,paid_search,control,0
112913,referral,control,0
102875,organic,treatment,0
112523,paid_search,treatment,1
111781,organic,control,1
111460,referral,treatment,1
102885,app_store,control,0
111083,organic,treatment,0
103008,app_store,control,0
101827,organic,treatment,0
112116,paid_search,control,1
105930,paid_search,treatment,0
102641,organic,control,1
109718,paid_search,control,0
109755,app_store,control,0
105702,referral,control,0
108536,organic,treatment,0
110735,organic,control,1
111578,paid_search,control,0
106438,organic,control,0
110605,organic,control,0
106323,organic,treatment,1
102708,paid_search,treatment,0
113285,organic,control,0
106159,paid_search,control,0
107855,paid_search,control,0
109303,app_store,treatment,0
111635,referral,treatment,0
102214,referral,control,1
101360,organic,control,1
102108,paid_search,control,0
104806,paid_search,control,0
105975,paid_search,treatment,0
106821,organic,control,0
109571,referral,treatment,0
102829,organic,control,1
100425,paid_search,control,0
100293,referral,treatment,0
101066,organic,control,0
107018,organic,control,0
110570,paid_search,control,1
105735,paid_search,control,0
105109,organic,control,0
110320,paid_search,treatment,0
109910,organic,treatment,1
107197,paid_search,treatment,0
100938,paid_search,control,0
103780,referral,control,1
112157,organic,treatment,0
112183,organic,control,0
113123,organic,treatment,0
106894,organic,control,0
108447,referral,control,1
113735,paid_search,control,0
109675,organic,treatment,0
109137,paid_search,control,0
113885,referral,control,0
106281,referral,control,0
111376,influencer,treatment,0
103267,referral,treatment,0
107347,referral,control,0
107724,paid_search,control,0
104820,app_store,control,0
111100,app_store,treatment,0
100970,app_store,treatment,0
100497,paid_search,control,0
113239,organic,control,0
113094,influencer,treatment,1
110022,paid_search,control,0
110370,organic,control,0
105836,organic,control,0
108530,referral,control,1
113019,paid_search,treatment,0
104705,paid_search,treatment,0
101149,paid_search,control,0
110436,influencer,treatment,0
105810,paid_search,control,0
113966,organic,control,0
105006,organic,control,1
103969,referral,control,0
102152,referral,treatment,0
110203,referral,treatment,0
107762,organic,treatment,1
102492,paid_search,control,0
113867,paid_search,control,1
110003,organic,treatment,0
110187,organic,treatment,0
104816,influencer,treatment,1
111125,paid_search,control,0
102825,paid_search,treatment,0
105666,paid_search,control,0
111090,influencer,treatment,0
107039,referral,treatment,1
102276,organic,treatment,1
108627,app_store,control,0
108168,organic,treatment,1
105396,organic,treatment,0
106271,paid_search,control,1
112694,organic,treatment,1
111016,referral,control,0
113110,organic,control,1
103756,app_store,treatment,0
107918,referral,control,0
110697,referral,control,0
107205,app_store,control,0
103212,organic,treatment,0
112834,organic,control,1
104309,referral,control,1
104993,paid_search,control,0
103541,paid_search,control,0
111463,paid_search,control,0
101942,paid_search,control,0
110084,app_store,control,0
113205,paid_search,control,0
103600,paid_search,control,0
105386,organic,treatment,1
113103,influencer,control,1
109458,organic,treatment,0
104439,organic,treatment,1
102598,organic,treatment,0
101411,referral,treatment,0
101215,app_store,treatment,1
109159,app_store,treatment,1
109423,referral,treatment,0
106440,influencer,treatment,0
104792,paid_search,control,0
107597,referral,treatment,0
106218,organic,control,0
100606,paid_search,control,1
108297,organic,treatment,0
100646,paid_search,control,1
105501,app_store,treatment,0
112783,paid_search,treatment,0
103089,referral,control,0
109212,paid_search,control,0
108284,paid_search,control,0
105209,app_store,treatment,0
102871,paid_search,control,1
109101,referral,control,1
105571,organic,control,0
105838,organic,treatment,1
110343,organic,treatment,0
108431,influencer,treatment,0
103141,paid_search,control,0
109135,organic,treatment,1
109463,organic,control,1
100939,paid_search,control,1
105521,organic,control,0
103230,organic,control,1
111744,organic,treatment,1
101863,referral,control,0
101670,paid_search,control,0
108198,organic,treatment,1
104344,organic,treatment,0
103944,referral,treatment,1
103014,paid_search,control,0
100019,organic,control,0
107575,paid_search,control,0
110163,organic,treatment,0
110902,app_store,treatment,0
110425,paid_search,control,0
106578,organic,treatment,0
109004,app_store,control,0
109493,paid_search,control,0
105432,organic,treatment,1
112333,organic,treatment,0
108453,paid_search,control,0
109997,paid_search,control,0
101571,referral,treatment,0
112473,app_store,treatment,0
110647,organic,treatment,0
101744,paid_search,control,0
107010,app_store,treatment,0
109823,app_store,control,0
109909,paid_search,control,0
100521,organic,treatment,0
103938,organic,control,0
111675,organic,control,1
101659,organic,treatment,0
103473,organic,control,1
102476,paid_search,control,0
103949,organic,control,1
103935,organic,control,1
111838,organic,treatment,1
107154,referral,treatment,1
100764,referral,control,1
104704,paid_search,treatment,0
112519,organic,treatment,0
107237,referral,treatment,1
108028,app_store,control,0
104428,organic,treatment,0
107659,influencer,treatment,0
107730,referral,treatment,0
101092,app_store,treatment,0
103609,paid_search,control,0
101102,referral,control,0
113418,app_store,control,0
107380,paid_search,control,0
112750,organic,treatment,0
100959,paid_search,control,1
100560,organic,control,0
106991,paid_search,treatment,0
106835,influencer,control,0
101520,organic,treatment,1
108840,referral,treatment,0
106129,organic,treatment,1
102485,app_store,treatment,0
106635,organic,treatment,1
100367,app_store,treatment,0
112094,referral,treatment,0
106194,paid_search,control,0
107532,organic,control,0
101949,paid_search,control,0
112358,paid_search,treatment,0
109765,referral,control,0
100809,app_store,treatment,0
111425,organic,treatment,0
112139,referral,treatment,0
108204,paid_search,control,0
110218,paid_search,treatment,1
105014,referral,control,0
107686,paid_search,control,0
113740,organic,treatment,1
106784,organic,treatment,1
108369,referral,control,0
113283,paid_search,control,1
110681,organic,treatment,0
112079,referral,treatment,0
102570,app_store,control,0
103521,app_store,control,0
111953,organic,control,0
113544,referral,control,1
103283,paid_search,control,0
101665,organic,control,1
110384,organic,treatment,0
113992,organic,treatment,0
103371,referral,control,0
106967,referral,treatment,0
108116,referral,control,0
106573,referral,treatment,1
110853,app_store,control,0
107928,referral,treatment,1
104253,paid_search,control,0
106684,paid_search,control,0
103579,organic,treatment,0
113749,referral,control,1
110239,paid_search,control,0
105947,organic,treatment,1
106606,organic,treatment,0
102625,app_store,treatment,1
111603,paid_search,treatment,0
106400,paid_search,control,1
106102,app_store,treatment,0
109378,paid_search,treatment,0
101007,organic,treatment,1
111762,paid_search,control,0
111930,paid_search,control,0
112849,organic,control,0
113199,paid_search,control,0
113600,organic,treatment,0
102050,referral,treatment,0
104012,referral,control,0
100270,organic,control,1
101994,paid_search,control,0
100266,organic,treatment,0
109107,paid_search,control,0
110471,paid_search,control,0
110424,referral,treatment,1
108049,paid_search,control,0
100291,referral,control,0
102913,organic,treatment,0
113162,organic,treatment,0
110286,referral,control,0
106543,referral,treatment,0
112764,paid_search,control,0
109845,paid_search,control,0
104142,organic,treatment,0
104258,organic,treatment,0
111232,organic,treatment,0
106872,referral,control,0
110870,app_store,control,0
100289,organic,treatment,0
107758,paid_search,control,0
103108,paid_search,treatment,0
108070,paid_search,control,0
113950,referral,control,1
106045,referral,treatment,0
100576,paid_search,control,0
100851,organic,treatment,0
107484,paid_search,treatment,0
112076,organic,treatment,0
113200,paid_search,control,0
105351,paid_search,control,0
109915,app_store,treatment,0
106230,organic,treatment,1
113221,organic,control,0
103950,paid_search,control,0
109293,paid_search,control,0
107802,organic,treatment,1
109400,organic,treatment,0
101844,paid_search,treatment,0
101849,paid_search,treatment,0
110717,paid_search,control,0
103948,paid_search,control,0
101695,paid_search,control,0
104182,paid_search,control,0
112758,paid_search,treatment,0
106370,organic,treatment,0
112153,organic,treatment,1
100234,organic,treatment,1
111525,paid_search,control,0
102648,organic,control,0
112234,organic,treatment,0
101712,paid_search,treatment,0
108375,organic,treatment,1
113277,app_store,treatment,0
105097,app_store,control,0
105738,organic,control,1
105453,paid_search,control,0
101463,app_store,treatment,0
100050,paid_search,control,0
113875,organic,control,0
106674,referral,treatment,0
105355,referral,control,0
112775,paid_search,treatment,0
113662,organic,control,1
106005,app_store,treatment,0
107791,organic,control,0
108299,organic,treatment,1
100444,paid_search,treatment,0
110147,referral,control,0
107657,referral,control,0
104743,app_store,treatment,0
107181,organic,treatment,0
100727,organic,treatment,1
102239,paid_search,control,1
107933,paid_search,control,0
102331,app_store,control,0
104126,organic,treatment,0
100170,paid_search,control,0
101002,paid_search,control,0
103253,organic,control,0
102149,referral,control,0
100198,paid_search,control,0
112784,referral,control,1
106123,app_store,control,0
103794,organic,treatment,0
100648,app_store,control,0
111228,paid_search,control,1
104141,organic,treatment,0
111926,influencer,treatment,0
102759,organic,treatment,0
108566,paid_search,treatment,0
112967,paid_search,control,0
108759,referral,control,0
111913,app_store,treatment,0
111088,paid_search,control,0
112749,paid_search,control,1
103486,paid_search,control,0
101156,app_store,treatment,0
104136,app_store,treatment,1
100974,app_store,treatment,0
103288,referral,control,0
107152,paid_search,treatment,0
111820,paid_search,treatment,0
103639,organic,control,1
105883,referral,control,0
105595,paid_search,control,0
106601,app_store,control,0
110028,paid_search,control,0
102309,organic,treatment,1
110033,paid_search,control,0
113116,paid_search,control,0
106032,paid_search,treatment,0
102045,organic,treatment,1
112598,referral,control,0
104373,referral,treatment,0
104733,organic,treatment,1
112943,paid_search,control,0
104719,app_store,control,0
105956,paid_search,control,0
100845,paid_search,control,0
104490,referral,treatment,0
107914,paid_search,treatment,0
110348,referral,treatment,0
100350,organic,control,0
106669,paid_search,control,0
100785,app_store,control,0
108240,paid_search,control,0
111844,paid_search,control,0
105752,organic,treatment,0
112691,referral,treatment,0
104019,organic,control,0
113396,paid_search,treatment,0
113443,organic,treatment,1
101440,paid_search,treatment,1
106098,organic,treatment,0
105086,app_store,treatment,1
110058,paid_search,control,0
106886,organic,control,1
107866,app_store,control,1
105407,organic,treatment,1
111388,paid_search,treatment,0
108226,referral,control,0
100788,paid_search,treatment,1
107685,organic,treatment,0
105140,paid_search,treatment,0
104578,paid_search,treatment,0
105340,paid_search,treatment,0
108060,paid_search,treatment,0
102628,organic,treatment,1
106626,organic,control,0
100932,paid_search,treatment,1
102405,paid_search,control,0
109878,organic,treatment,1
101249,app_store,treatment,0
104856,paid_search,control,0
100093,paid_search,control,0
113464,organic,treatment,1
105512,referral,control,0
105438,organic,treatment,0
113761,paid_search,treatment,0
102852,organic,treatment,0
110986,referral,treatment,0
106424,organic,treatment,0
113896,organic,treatment,1
100765,organic,control,1
106749,organic,treatment,0
111181,app_store,control,0
105470,paid_search,control,1
106048,referral,control,0
110641,paid_search,treatment,0
109921,paid_search,control,0
100258,organic,control,0
113233,referral,treatment,1
107241,organic,treatment,1
109412,paid_search,control,0
107652,referral,treatment,0
109354,paid_search,treatment,0
108965,paid_search,control,0
105583,organic,treatment,0
108505,paid_search,control,1
112579,organic,treatment,0
112225,paid_search,control,0
104860,organic,treatment,1
102998,app_store,treatment,1
112472,app_store,treatment,0
101177,paid_search,control,0
103897,paid_search,treatment,0
109542,paid_search,control,0
111968,organic,treatment,0
111309,referral,control,0
103517,paid_search,control,0
107956,paid_search,treatment,0
110491,app_store,treatment,0
111064,organic,treatment,1
113388,organic,control,0
107681,app_store,control,1
107085,paid_search,control,0
108584,organic,treatment,1
106016,app_store,treatment,0
101457,influencer,treatment,1
101093,paid_search,treatment,0
106119,referral,treatment,0
103240,referral,control,1
113193,organic,treatment,0
110971,organic,treatment,1
112655,referral,treatment,0
104442,paid_search,treatment,0
111849,organic,treatment,0
102584,referral,treatment,1
107567,paid_search,control,0
111450,organic,control,0
101373,referral,treatment,1
113928,app_store,control,0
100920,paid_search,treatment,0
104308,paid_search,treatment,0
105700,app_store,treatment,0
110743,paid_search,treatment,0
100538,paid_search,treatment,0
109413,paid_search,treatment,0
112464,organic,treatment,0
